sample_id,stem,city,sar_path,opt_path,lab_path,split
1,JiuJiang_01_01_01_01,JiuJiang,dl\data\extracted\SAR_1024\JiuJiang_01_01_01_01_SAR_001.tif,dl\data\extracted\OPT_1024\JiuJiang_01_01_01_01_Optical_001.tif,dl\data\extracted\LAB_1024\JiuJiang_01_01_01_01_Label_001.tif,train
2,JiuJiang_01_01_01_02,JiuJiang,dl\data\extracted\SAR_1024\JiuJiang_01_01_01_02_SAR_002.tif,dl\data\extracted\OPT_1024\JiuJiang_01_01_01_02_Optical_002.tif,dl\data\extracted\LAB_1024\JiuJiang_01_01_01_02_Label_002.tif,train
3,JiuJiang_01_01_01_03,JiuJiang,dl\data\extracted\SAR_1024\JiuJiang_01_01_01_03_SAR_003.tif,dl\data\extracted\OPT_1024\JiuJiang_01_01_01_03_Optical_003.tif,dl\data\extracted\LAB_1024\JiuJiang_01_01_01_03_Label_003.tif,train
4,JiuJiang_01_01_01_04,JiuJiang,dl\data\extracted\SAR_1024\JiuJiang_01_01_01_04_SAR_004.tif,dl\data\extracted\OPT_1024\JiuJiang_01_01_01_04_Optical_004.tif,dl\data\extracted\LAB_1024\JiuJiang_01_01_01_04_Label_004.tif,train
5,JiuJiang_01_01_01_05,JiuJiang,dl\data\extracted\SAR_1024\JiuJiang_01_01_01_05_SAR_005.tif,dl\data\extracted\OPT_1024\JiuJiang_01_01_01_05_Optical_005.tif,dl\data\extracted\LAB_1024\JiuJiang_01_01_01_05_Label_005.tif,train
6,JiuJiang_01_01_01_06,JiuJiang,dl\data\extracted\SAR_1024\JiuJiang_01_01_01_06_SAR_006.tif,dl\data\extracted\OPT_1024\JiuJiang_01_01_01_06_Optical_006.tif,dl\data\extracted\LAB_1024\JiuJiang_01_01_01_06_Label_006.tif,train
7,JiuJiang_01_01_01_07,JiuJiang,dl\data\extracted\SAR_1024\JiuJiang_01_01_01_07_SAR_007.tif,dl\data\extracted\OPT_1024\JiuJiang_01_01_01_07_Optical_007.tif,dl\data\extracted\LAB_1024\JiuJiang_01_01_01_07_Label_007.tif,train
8,JiuJiang_01_01_02_01,JiuJiang,dl\data\extracted\SAR_1024\JiuJiang_01_01_02_01_SAR_008.tif,dl\data\extracted\OPT_1024\JiuJiang_01_01_02_01_Optical_008.tif,dl\data\extracted\LAB_1024\JiuJiang_01_01_02_01_Label_008.tif,train
9,JiuJiang_01_01_02_02,JiuJiang,dl\data\extracted\SAR_1024\JiuJiang_01_01_02_02_SAR_009.tif,dl\data\extracted\OPT_1024\JiuJiang_01_01_02_02_Optical_009.tif,dl\data\extracted\LAB_1024\JiuJiang_01_01_02_02_Label_009.tif,train
10,JiuJiang_01_01_02_03,JiuJiang,dl\data\extracted\SAR_1024\JiuJiang_01_01_02_03_SAR_010.tif,dl\data\extracted\OPT_1024\JiuJiang_01_01_02_03_Optical_010.tif,dl\data\extracted\LAB_1024\JiuJiang_01_01_02_03_Label_010.tif,train
11,JiuJiang_01_01_02_04,JiuJiang,dl\data\extracted\SAR_1024\JiuJiang_01_01_02_04_SAR_011.tif,dl\data\extracted\OPT_1024\JiuJiang_01_01_02_04_Optical_011.tif,dl\data\extracted\LAB_1024\JiuJiang_01_01_02_04_Label_011.tif,train
12,JiuJiang_01_01_02_05,JiuJiang,dl\data\extracted\SAR_1024\JiuJiang_01_01_02_05_SAR_012.tif,dl\data\extracted\OPT_1024\JiuJiang_01_01_02_05_Optical_012.tif,dl\data\extracted\LAB_1024\JiuJiang_01_01_02_05_Label_012.tif,train
13,JiuJiang_01_01_02_06,JiuJiang,dl\data\extracted\SAR_1024\JiuJiang_01_01_02_06_SAR_013.tif,dl\data\extracted\OPT_1024\JiuJiang_01_01_02_06_Optical_013.tif,dl\data\extracted\LAB_1024\JiuJiang_01_01_02_06_Label_013.tif,train
14,JiuJiang_01_01_02_07,JiuJiang,dl\data\extracted\SAR_1024\JiuJiang_01_01_02_07_SAR_014.tif,dl\data\extracted\OPT_1024\JiuJiang_01_01_02_07_Optical_014.tif,dl\data\extracted\LAB_1024\JiuJiang_01_01_02_07_Label_014.tif,train
15,JiuJiang_01_01_03_01,JiuJiang,dl\data\extracted\SAR_1024\JiuJiang_01_01_03_01_SAR_015.tif,dl\data\extracted\OPT_1024\JiuJiang_01_01_03_01_Optical_015.tif,dl\data\extracted\LAB_1024\JiuJiang_01_01_03_01_Label_015.tif,train
16,JiuJiang_01_01_03_02,JiuJiang,dl\data\extracted\SAR_1024\JiuJiang_01_01_03_02_SAR_016.tif,dl\data\extracted\OPT_1024\JiuJiang_01_01_03_02_Optical_016.tif,dl\data\extracted\LAB_1024\JiuJiang_01_01_03_02_Label_016.tif,train
17,JiuJiang_01_01_03_03,JiuJiang,dl\data\extracted\SAR_1024\JiuJiang_01_01_03_03_SAR_017.tif,dl\data\extracted\OPT_1024\JiuJiang_01_01_03_03_Optical_017.tif,dl\data\extracted\LAB_1024\JiuJiang_01_01_03_03_Label_017.tif,train
18,JiuJiang_01_01_03_04,JiuJiang,dl\data\extracted\SAR_1024\JiuJiang_01_01_03_04_SAR_018.tif,dl\data\extracted\OPT_1024\JiuJiang_01_01_03_04_Optical_018.tif,dl\data\extracted\LAB_1024\JiuJiang_01_01_03_04_Label_018.tif,train
19,JiuJiang_01_01_03_05,JiuJiang,dl\data\extracted\SAR_1024\JiuJiang_01_01_03_05_SAR_019.tif,dl\data\extracted\OPT_1024\JiuJiang_01_01_03_05_Optical_019.tif,dl\data\extracted\LAB_1024\JiuJiang_01_01_03_05_Label_019.tif,train
20,JiuJiang_01_01_03_06,JiuJiang,dl\data\extracted\SAR_1024\JiuJiang_01_01_03_06_SAR_020.tif,dl\data\extracted\OPT_1024\JiuJiang_01_01_03_06_Optical_020.tif,dl\data\extracted\LAB_1024\JiuJiang_01_01_03_06_Label_020.tif,train
21,JiuJiang_01_01_03_07,JiuJiang,dl\data\extracted\SAR_1024\JiuJiang_01_01_03_07_SAR_021.tif,dl\data\extracted\OPT_1024\JiuJiang_01_01_03_07_Optical_021.tif,dl\data\extracted\LAB_1024\JiuJiang_01_01_03_07_Label_021.tif,train
23,JiuJiang_01_01_04_02,JiuJiang,dl\data\extracted\SAR_1024\JiuJiang_01_01_04_02_SAR_023.tif,dl\data\extracted\OPT_1024\JiuJiang_01_01_04_02_Optical_023.tif,dl\data\extracted\LAB_1024\JiuJiang_01_01_04_02_Label_023.tif,train
24,JiuJiang_01_01_04_03,JiuJiang,dl\data\extracted\SAR_1024\JiuJiang_01_01_04_03_SAR_024.tif,dl\data\extracted\OPT_1024\JiuJiang_01_01_04_03_Optical_024.tif,dl\data\extracted\LAB_1024\JiuJiang_01_01_04_03_Label_024.tif,train
25,JiuJiang_01_01_04_04,JiuJiang,dl\data\extracted\SAR_1024\JiuJiang_01_01_04_04_SAR_025.tif,dl\data\extracted\OPT_1024\JiuJiang_01_01_04_04_Optical_025.tif,dl\data\extracted\LAB_1024\JiuJiang_01_01_04_04_Label_025.tif,train
26,JiuJiang_01_01_04_05,JiuJiang,dl\data\extracted\SAR_1024\JiuJiang_01_01_04_05_SAR_026.tif,dl\data\extracted\OPT_1024\JiuJiang_01_01_04_05_Optical_026.tif,dl\data\extracted\LAB_1024\JiuJiang_01_01_04_05_Label_026.tif,train
27,JiuJiang_01_01_04_06,JiuJiang,dl\data\extracted\SAR_1024\JiuJiang_01_01_04_06_SAR_027.tif,dl\data\extracted\OPT_1024\JiuJiang_01_01_04_06_Optical_027.tif,dl\data\extracted\LAB_1024\JiuJiang_01_01_04_06_Label_027.tif,train
28,JiuJiang_01_01_04_07,JiuJiang,dl\data\extracted\SAR_1024\JiuJiang_01_01_04_07_SAR_028.tif,dl\data\extracted\OPT_1024\JiuJiang_01_01_04_07_Optical_028.tif,dl\data\extracted\LAB_1024\JiuJiang_01_01_04_07_Label_028.tif,train
29,JiuJiang_01_01_05_01,JiuJiang,dl\data\extracted\SAR_1024\JiuJiang_01_01_05_01_SAR_029.tif,dl\data\extracted\OPT_1024\JiuJiang_01_01_05_01_Optical_029.tif,dl\data\extracted\LAB_1024\JiuJiang_01_01_05_01_Label_029.tif,train
30,JiuJiang_01_01_05_02,JiuJiang,dl\data\extracted\SAR_1024\JiuJiang_01_01_05_02_SAR_030.tif,dl\data\extracted\OPT_1024\JiuJiang_01_01_05_02_Optical_030.tif,dl\data\extracted\LAB_1024\JiuJiang_01_01_05_02_Label_030.tif,train
31,JiuJiang_01_01_05_03,JiuJiang,dl\data\extracted\SAR_1024\JiuJiang_01_01_05_03_SAR_031.tif,dl\data\extracted\OPT_1024\JiuJiang_01_01_05_03_Optical_031.tif,dl\data\extracted\LAB_1024\JiuJiang_01_01_05_03_Label_031.tif,train
32,JiuJiang_01_01_05_04,JiuJiang,dl\data\extracted\SAR_1024\JiuJiang_01_01_05_04_SAR_032.tif,dl\data\extracted\OPT_1024\JiuJiang_01_01_05_04_Optical_032.tif,dl\data\extracted\LAB_1024\JiuJiang_01_01_05_04_Label_032.tif,train
33,JiuJiang_01_01_05_05,JiuJiang,dl\data\extracted\SAR_1024\JiuJiang_01_01_05_05_SAR_033.tif,dl\data\extracted\OPT_1024\JiuJiang_01_01_05_05_Optical_033.tif,dl\data\extracted\LAB_1024\JiuJiang_01_01_05_05_Label_033.tif,train
34,JiuJiang_01_01_05_06,JiuJiang,dl\data\extracted\SAR_1024\JiuJiang_01_01_05_06_SAR_034.tif,dl\data\extracted\OPT_1024\JiuJiang_01_01_05_06_Optical_034.tif,dl\data\extracted\LAB_1024\JiuJiang_01_01_05_06_Label_034.tif,train
35,JiuJiang_01_01_05_07,JiuJiang,dl\data\extracted\SAR_1024\JiuJiang_01_01_05_07_SAR_035.tif,dl\data\extracted\OPT_1024\JiuJiang_01_01_05_07_Optical_035.tif,dl\data\extracted\LAB_1024\JiuJiang_01_01_05_07_Label_035.tif,train
36,JiuJiang_01_01_06_01,JiuJiang,dl\data\extracted\SAR_1024\JiuJiang_01_01_06_01_SAR_036.tif,dl\data\extracted\OPT_1024\JiuJiang_01_01_06_01_Optical_036.tif,dl\data\extracted\LAB_1024\JiuJiang_01_01_06_01_Label_036.tif,train
37,JiuJiang_01_01_06_02,JiuJiang,dl\data\extracted\SAR_1024\JiuJiang_01_01_06_02_SAR_037.tif,dl\data\extracted\OPT_1024\JiuJiang_01_01_06_02_Optical_037.tif,dl\data\extracted\LAB_1024\JiuJiang_01_01_06_02_Label_037.tif,train
38,JiuJiang_01_01_06_03,JiuJiang,dl\data\extracted\SAR_1024\JiuJiang_01_01_06_03_SAR_038.tif,dl\data\extracted\OPT_1024\JiuJiang_01_01_06_03_Optical_038.tif,dl\data\extracted\LAB_1024\JiuJiang_01_01_06_03_Label_038.tif,train
39,JiuJiang_01_01_06_04,JiuJiang,dl\data\extracted\SAR_1024\JiuJiang_01_01_06_04_SAR_039.tif,dl\data\extracted\OPT_1024\JiuJiang_01_01_06_04_Optical_039.tif,dl\data\extracted\LAB_1024\JiuJiang_01_01_06_04_Label_039.tif,train
40,JiuJiang_01_01_06_05,JiuJiang,dl\data\extracted\SAR_1024\JiuJiang_01_01_06_05_SAR_040.tif,dl\data\extracted\OPT_1024\JiuJiang_01_01_06_05_Optical_040.tif,dl\data\extracted\LAB_1024\JiuJiang_01_01_06_05_Label_040.tif,train
41,JiuJiang_01_01_06_06,JiuJiang,dl\data\extracted\SAR_1024\JiuJiang_01_01_06_06_SAR_041.tif,dl\data\extracted\OPT_1024\JiuJiang_01_01_06_06_Optical_041.tif,dl\data\extracted\LAB_1024\JiuJiang_01_01_06_06_Label_041.tif,train
42,JiuJiang_01_01_06_07,JiuJiang,dl\data\extracted\SAR_1024\JiuJiang_01_01_06_07_SAR_042.tif,dl\data\extracted\OPT_1024\JiuJiang_01_01_06_07_Optical_042.tif,dl\data\extracted\LAB_1024\JiuJiang_01_01_06_07_Label_042.tif,train
43,JiuJiang_01_01_07_01,JiuJiang,dl\data\extracted\SAR_1024\JiuJiang_01_01_07_01_SAR_043.tif,dl\data\extracted\OPT_1024\JiuJiang_01_01_07_01_Optical_043.tif,dl\data\extracted\LAB_1024\JiuJiang_01_01_07_01_Label_043.tif,train
44,JiuJiang_01_01_07_02,JiuJiang,dl\data\extracted\SAR_1024\JiuJiang_01_01_07_02_SAR_044.tif,dl\data\extracted\OPT_1024\JiuJiang_01_01_07_02_Optical_044.tif,dl\data\extracted\LAB_1024\JiuJiang_01_01_07_02_Label_044.tif,train
45,JiuJiang_01_01_07_03,JiuJiang,dl\data\extracted\SAR_1024\JiuJiang_01_01_07_03_SAR_045.tif,dl\data\extracted\OPT_1024\JiuJiang_01_01_07_03_Optical_045.tif,dl\data\extracted\LAB_1024\JiuJiang_01_01_07_03_Label_045.tif,train
46,JiuJiang_01_01_07_04,JiuJiang,dl\data\extracted\SAR_1024\JiuJiang_01_01_07_04_SAR_046.tif,dl\data\extracted\OPT_1024\JiuJiang_01_01_07_04_Optical_046.tif,dl\data\extracted\LAB_1024\JiuJiang_01_01_07_04_Label_046.tif,train
47,JiuJiang_01_01_07_05,JiuJiang,dl\data\extracted\SAR_1024\JiuJiang_01_01_07_05_SAR_047.tif,dl\data\extracted\OPT_1024\JiuJiang_01_01_07_05_Optical_047.tif,dl\data\extracted\LAB_1024\JiuJiang_01_01_07_05_Label_047.tif,train
48,JiuJiang_01_01_07_06,JiuJiang,dl\data\extracted\SAR_1024\JiuJiang_01_01_07_06_SAR_048.tif,dl\data\extracted\OPT_1024\JiuJiang_01_01_07_06_Optical_048.tif,dl\data\extracted\LAB_1024\JiuJiang_01_01_07_06_Label_048.tif,train
49,JiuJiang_01_01_07_07,JiuJiang,dl\data\extracted\SAR_1024\JiuJiang_01_01_07_07_SAR_049.tif,dl\data\extracted\OPT_1024\JiuJiang_01_01_07_07_Optical_049.tif,dl\data\extracted\LAB_1024\JiuJiang_01_01_07_07_Label_049.tif,train
50,JiuJiang_01_01_08_01,JiuJiang,dl\data\extracted\SAR_1024\JiuJiang_01_01_08_01_SAR_050.tif,dl\data\extracted\OPT_1024\JiuJiang_01_01_08_01_Optical_050.tif,dl\data\extracted\LAB_1024\JiuJiang_01_01_08_01_Label_050.tif,train
51,JiuJiang_01_01_08_02,JiuJiang,dl\data\extracted\SAR_1024\JiuJiang_01_01_08_02_SAR_051.tif,dl\data\extracted\OPT_1024\JiuJiang_01_01_08_02_Optical_051.tif,dl\data\extracted\LAB_1024\JiuJiang_01_01_08_02_Label_051.tif,train
52,JiuJiang_01_01_08_03,JiuJiang,dl\data\extracted\SAR_1024\JiuJiang_01_01_08_03_SAR_052.tif,dl\data\extracted\OPT_1024\JiuJiang_01_01_08_03_Optical_052.tif,dl\data\extracted\LAB_1024\JiuJiang_01_01_08_03_Label_052.tif,train
53,JiuJiang_01_01_08_04,JiuJiang,dl\data\extracted\SAR_1024\JiuJiang_01_01_08_04_SAR_053.tif,dl\data\extracted\OPT_1024\JiuJiang_01_01_08_04_Optical_053.tif,dl\data\extracted\LAB_1024\JiuJiang_01_01_08_04_Label_053.tif,train
54,JiuJiang_01_01_08_05,JiuJiang,dl\data\extracted\SAR_1024\JiuJiang_01_01_08_05_SAR_054.tif,dl\data\extracted\OPT_1024\JiuJiang_01_01_08_05_Optical_054.tif,dl\data\extracted\LAB_1024\JiuJiang_01_01_08_05_Label_054.tif,train
55,JiuJiang_01_01_08_06,JiuJiang,dl\data\extracted\SAR_1024\JiuJiang_01_01_08_06_SAR_055.tif,dl\data\extracted\OPT_1024\JiuJiang_01_01_08_06_Optical_055.tif,dl\data\extracted\LAB_1024\JiuJiang_01_01_08_06_Label_055.tif,train
56,JiuJiang_01_01_08_07,JiuJiang,dl\data\extracted\SAR_1024\JiuJiang_01_01_08_07_SAR_056.tif,dl\data\extracted\OPT_1024\JiuJiang_01_01_08_07_Optical_056.tif,dl\data\extracted\LAB_1024\JiuJiang_01_01_08_07_Label_056.tif,train
57,JiuJiang_01_01_09_01,JiuJiang,dl\data\extracted\SAR_1024\JiuJiang_01_01_09_01_SAR_057.tif,dl\data\extracted\OPT_1024\JiuJiang_01_01_09_01_Optical_057.tif,dl\data\extracted\LAB_1024\JiuJiang_01_01_09_01_Label_057.tif,train
58,JiuJiang_01_01_09_02,JiuJiang,dl\data\extracted\SAR_1024\JiuJiang_01_01_09_02_SAR_058.tif,dl\data\extracted\OPT_1024\JiuJiang_01_01_09_02_Optical_058.tif,dl\data\extracted\LAB_1024\JiuJiang_01_01_09_02_Label_058.tif,train
59,JiuJiang_01_01_09_03,JiuJiang,dl\data\extracted\SAR_1024\JiuJiang_01_01_09_03_SAR_059.tif,dl\data\extracted\OPT_1024\JiuJiang_01_01_09_03_Optical_059.tif,dl\data\extracted\LAB_1024\JiuJiang_01_01_09_03_Label_059.tif,train
60,JiuJiang_01_01_09_04,JiuJiang,dl\data\extracted\SAR_1024\JiuJiang_01_01_09_04_SAR_060.tif,dl\data\extracted\OPT_1024\JiuJiang_01_01_09_04_Optical_060.tif,dl\data\extracted\LAB_1024\JiuJiang_01_01_09_04_Label_060.tif,train
61,JiuJiang_01_01_09_05,JiuJiang,dl\data\extracted\SAR_1024\JiuJiang_01_01_09_05_SAR_061.tif,dl\data\extracted\OPT_1024\JiuJiang_01_01_09_05_Optical_061.tif,dl\data\extracted\LAB_1024\JiuJiang_01_01_09_05_Label_061.tif,train
62,JiuJiang_01_01_09_06,JiuJiang,dl\data\extracted\SAR_1024\JiuJiang_01_01_09_06_SAR_062.tif,dl\data\extracted\OPT_1024\JiuJiang_01_01_09_06_Optical_062.tif,dl\data\extracted\LAB_1024\JiuJiang_01_01_09_06_Label_062.tif,train
63,JiuJiang_01_01_09_07,JiuJiang,dl\data\extracted\SAR_1024\JiuJiang_01_01_09_07_SAR_063.tif,dl\data\extracted\OPT_1024\JiuJiang_01_01_09_07_Optical_063.tif,dl\data\extracted\LAB_1024\JiuJiang_01_01_09_07_Label_063.tif,train
64,JiuJiang_01_01_10_01,JiuJiang,dl\data\extracted\SAR_1024\JiuJiang_01_01_10_01_SAR_064.tif,dl\data\extracted\OPT_1024\JiuJiang_01_01_10_01_Optical_064.tif,dl\data\extracted\LAB_1024\JiuJiang_01_01_10_01_Label_064.tif,train
65,JiuJiang_01_01_10_02,JiuJiang,dl\data\extracted\SAR_1024\JiuJiang_01_01_10_02_SAR_065.tif,dl\data\extracted\OPT_1024\JiuJiang_01_01_10_02_Optical_065.tif,dl\data\extracted\LAB_1024\JiuJiang_01_01_10_02_Label_065.tif,train
66,JiuJiang_01_01_10_03,JiuJiang,dl\data\extracted\SAR_1024\JiuJiang_01_01_10_03_SAR_066.tif,dl\data\extracted\OPT_1024\JiuJiang_01_01_10_03_Optical_066.tif,dl\data\extracted\LAB_1024\JiuJiang_01_01_10_03_Label_066.tif,train
67,JiuJiang_01_01_10_04,JiuJiang,dl\data\extracted\SAR_1024\JiuJiang_01_01_10_04_SAR_067.tif,dl\data\extracted\OPT_1024\JiuJiang_01_01_10_04_Optical_067.tif,dl\data\extracted\LAB_1024\JiuJiang_01_01_10_04_Label_067.tif,train
68,JiuJiang_01_01_10_05,JiuJiang,dl\data\extracted\SAR_1024\JiuJiang_01_01_10_05_SAR_068.tif,dl\data\extracted\OPT_1024\JiuJiang_01_01_10_05_Optical_068.tif,dl\data\extracted\LAB_1024\JiuJiang_01_01_10_05_Label_068.tif,train
69,JiuJiang_01_01_10_06,JiuJiang,dl\data\extracted\SAR_1024\JiuJiang_01_01_10_06_SAR_069.tif,dl\data\extracted\OPT_1024\JiuJiang_01_01_10_06_Optical_069.tif,dl\data\extracted\LAB_1024\JiuJiang_01_01_10_06_Label_069.tif,train
70,JiuJiang_01_01_10_07,JiuJiang,dl\data\extracted\SAR_1024\JiuJiang_01_01_10_07_SAR_070.tif,dl\data\extracted\OPT_1024\JiuJiang_01_01_10_07_Optical_070.tif,dl\data\extracted\LAB_1024\JiuJiang_01_01_10_07_Label_070.tif,train
71,JiuJiang_01_01_11_01,JiuJiang,dl\data\extracted\SAR_1024\JiuJiang_01_01_11_01_SAR_071.tif,dl\data\extracted\OPT_1024\JiuJiang_01_01_11_01_Optical_071.tif,dl\data\extracted\LAB_1024\JiuJiang_01_01_11_01_Label_071.tif,train
72,JiuJiang_01_01_11_02,JiuJiang,dl\data\extracted\SAR_1024\JiuJiang_01_01_11_02_SAR_072.tif,dl\data\extracted\OPT_1024\JiuJiang_01_01_11_02_Optical_072.tif,dl\data\extracted\LAB_1024\JiuJiang_01_01_11_02_Label_072.tif,train
73,JiuJiang_01_01_11_03,JiuJiang,dl\data\extracted\SAR_1024\JiuJiang_01_01_11_03_SAR_073.tif,dl\data\extracted\OPT_1024\JiuJiang_01_01_11_03_Optical_073.tif,dl\data\extracted\LAB_1024\JiuJiang_01_01_11_03_Label_073.tif,train
74,JiuJiang_01_01_11_04,JiuJiang,dl\data\extracted\SAR_1024\JiuJiang_01_01_11_04_SAR_074.tif,dl\data\extracted\OPT_1024\JiuJiang_01_01_11_04_Optical_074.tif,dl\data\extracted\LAB_1024\JiuJiang_01_01_11_04_Label_074.tif,train
75,JiuJiang_01_01_11_05,JiuJiang,dl\data\extracted\SAR_1024\JiuJiang_01_01_11_05_SAR_075.tif,dl\data\extracted\OPT_1024\JiuJiang_01_01_11_05_Optical_075.tif,dl\data\extracted\LAB_1024\JiuJiang_01_01_11_05_Label_075.tif,train
76,JiuJiang_01_01_11_06,JiuJiang,dl\data\extracted\SAR_1024\JiuJiang_01_01_11_06_SAR_076.tif,dl\data\extracted\OPT_1024\JiuJiang_01_01_11_06_Optical_076.tif,dl\data\extracted\LAB_1024\JiuJiang_01_01_11_06_Label_076.tif,train
77,JiuJiang_01_01_11_07,JiuJiang,dl\data\extracted\SAR_1024\JiuJiang_01_01_11_07_SAR_077.tif,dl\data\extracted\OPT_1024\JiuJiang_01_01_11_07_Optical_077.tif,dl\data\extracted\LAB_1024\JiuJiang_01_01_11_07_Label_077.tif,train
78,XiaMen_02_01_01_01,XiaMen,dl\data\extracted\SAR_1024\XiaMen_02_01_01_01_SAR_078.tif,dl\data\extracted\OPT_1024\XiaMen_02_01_01_01_Optical_078.tif,dl\data\extracted\LAB_1024\XiaMen_02_01_01_01_Label_078.tif,train
79,XiaMen_02_01_01_02,XiaMen,dl\data\extracted\SAR_1024\XiaMen_02_01_01_02_SAR_079.tif,dl\data\extracted\OPT_1024\XiaMen_02_01_01_02_Optical_079.tif,dl\data\extracted\LAB_1024\XiaMen_02_01_01_02_Label_079.tif,train
80,XiaMen_02_01_01_03,XiaMen,dl\data\extracted\SAR_1024\XiaMen_02_01_01_03_SAR_080.tif,dl\data\extracted\OPT_1024\XiaMen_02_01_01_03_Optical_080.tif,dl\data\extracted\LAB_1024\XiaMen_02_01_01_03_Label_080.tif,train
81,XiaMen_02_01_01_04,XiaMen,dl\data\extracted\SAR_1024\XiaMen_02_01_01_04_SAR_081.tif,dl\data\extracted\OPT_1024\XiaMen_02_01_01_04_Optical_081.tif,dl\data\extracted\LAB_1024\XiaMen_02_01_01_04_Label_081.tif,train
82,XiaMen_02_01_01_05,XiaMen,dl\data\extracted\SAR_1024\XiaMen_02_01_01_05_SAR_082.tif,dl\data\extracted\OPT_1024\XiaMen_02_01_01_05_Optical_082.tif,dl\data\extracted\LAB_1024\XiaMen_02_01_01_05_Label_082.tif,train
83,XiaMen_02_01_01_06,XiaMen,dl\data\extracted\SAR_1024\XiaMen_02_01_01_06_SAR_083.tif,dl\data\extracted\OPT_1024\XiaMen_02_01_01_06_Optical_083.tif,dl\data\extracted\LAB_1024\XiaMen_02_01_01_06_Label_083.tif,train
84,XiaMen_02_01_01_07,XiaMen,dl\data\extracted\SAR_1024\XiaMen_02_01_01_07_SAR_084.tif,dl\data\extracted\OPT_1024\XiaMen_02_01_01_07_Optical_084.tif,dl\data\extracted\LAB_1024\XiaMen_02_01_01_07_Label_084.tif,train
85,XiaMen_02_01_01_08,XiaMen,dl\data\extracted\SAR_1024\XiaMen_02_01_01_08_SAR_085.tif,dl\data\extracted\OPT_1024\XiaMen_02_01_01_08_Optical_085.tif,dl\data\extracted\LAB_1024\XiaMen_02_01_01_08_Label_085.tif,train
86,XiaMen_02_01_01_09,XiaMen,dl\data\extracted\SAR_1024\XiaMen_02_01_01_09_SAR_086.tif,dl\data\extracted\OPT_1024\XiaMen_02_01_01_09_Optical_086.tif,dl\data\extracted\LAB_1024\XiaMen_02_01_01_09_Label_086.tif,train
87,XiaMen_02_01_02_01,XiaMen,dl\data\extracted\SAR_1024\XiaMen_02_01_02_01_SAR_087.tif,dl\data\extracted\OPT_1024\XiaMen_02_01_02_01_Optical_087.tif,dl\data\extracted\LAB_1024\XiaMen_02_01_02_01_Label_087.tif,train
88,XiaMen_02_01_02_02,XiaMen,dl\data\extracted\SAR_1024\XiaMen_02_01_02_02_SAR_088.tif,dl\data\extracted\OPT_1024\XiaMen_02_01_02_02_Optical_088.tif,dl\data\extracted\LAB_1024\XiaMen_02_01_02_02_Label_088.tif,train
89,XiaMen_02_01_02_03,XiaMen,dl\data\extracted\SAR_1024\XiaMen_02_01_02_03_SAR_089.tif,dl\data\extracted\OPT_1024\XiaMen_02_01_02_03_Optical_089.tif,dl\data\extracted\LAB_1024\XiaMen_02_01_02_03_Label_089.tif,train
90,XiaMen_02_01_02_04,XiaMen,dl\data\extracted\SAR_1024\XiaMen_02_01_02_04_SAR_090.tif,dl\data\extracted\OPT_1024\XiaMen_02_01_02_04_Optical_090.tif,dl\data\extracted\LAB_1024\XiaMen_02_01_02_04_Label_090.tif,train
91,XiaMen_02_01_02_05,XiaMen,dl\data\extracted\SAR_1024\XiaMen_02_01_02_05_SAR_091.tif,dl\data\extracted\OPT_1024\XiaMen_02_01_02_05_Optical_091.tif,dl\data\extracted\LAB_1024\XiaMen_02_01_02_05_Label_091.tif,train
92,XiaMen_02_01_02_06,XiaMen,dl\data\extracted\SAR_1024\XiaMen_02_01_02_06_SAR_092.tif,dl\data\extracted\OPT_1024\XiaMen_02_01_02_06_Optical_092.tif,dl\data\extracted\LAB_1024\XiaMen_02_01_02_06_Label_092.tif,train
93,XiaMen_02_01_02_07,XiaMen,dl\data\extracted\SAR_1024\XiaMen_02_01_02_07_SAR_093.tif,dl\data\extracted\OPT_1024\XiaMen_02_01_02_07_Optical_093.tif,dl\data\extracted\LAB_1024\XiaMen_02_01_02_07_Label_093.tif,train
94,XiaMen_02_01_02_08,XiaMen,dl\data\extracted\SAR_1024\XiaMen_02_01_02_08_SAR_094.tif,dl\data\extracted\OPT_1024\XiaMen_02_01_02_08_Optical_094.tif,dl\data\extracted\LAB_1024\XiaMen_02_01_02_08_Label_094.tif,train
95,XiaMen_02_01_02_09,XiaMen,dl\data\extracted\SAR_1024\XiaMen_02_01_02_09_SAR_095.tif,dl\data\extracted\OPT_1024\XiaMen_02_01_02_09_Optical_095.tif,dl\data\extracted\LAB_1024\XiaMen_02_01_02_09_Label_095.tif,train
96,XiaMen_02_01_03_01,XiaMen,dl\data\extracted\SAR_1024\XiaMen_02_01_03_01_SAR_096.tif,dl\data\extracted\OPT_1024\XiaMen_02_01_03_01_Optical_096.tif,dl\data\extracted\LAB_1024\XiaMen_02_01_03_01_Label_096.tif,train
97,XiaMen_02_01_03_02,XiaMen,dl\data\extracted\SAR_1024\XiaMen_02_01_03_02_SAR_097.tif,dl\data\extracted\OPT_1024\XiaMen_02_01_03_02_Optical_097.tif,dl\data\extracted\LAB_1024\XiaMen_02_01_03_02_Label_097.tif,train
98,XiaMen_02_01_03_03,XiaMen,dl\data\extracted\SAR_1024\XiaMen_02_01_03_03_SAR_098.tif,dl\data\extracted\OPT_1024\XiaMen_02_01_03_03_Optical_098.tif,dl\data\extracted\LAB_1024\XiaMen_02_01_03_03_Label_098.tif,train
99,XiaMen_02_01_03_04,XiaMen,dl\data\extracted\SAR_1024\XiaMen_02_01_03_04_SAR_099.tif,dl\data\extracted\OPT_1024\XiaMen_02_01_03_04_Optical_099.tif,dl\data\extracted\LAB_1024\XiaMen_02_01_03_04_Label_099.tif,train
100,XiaMen_02_01_03_05,XiaMen,dl\data\extracted\SAR_1024\XiaMen_02_01_03_05_SAR_100.tif,dl\data\extracted\OPT_1024\XiaMen_02_01_03_05_Optical_100.tif,dl\data\extracted\LAB_1024\XiaMen_02_01_03_05_Label_100.tif,train
101,XiaMen_02_01_03_06,XiaMen,dl\data\extracted\SAR_1024\XiaMen_02_01_03_06_SAR_101.tif,dl\data\extracted\OPT_1024\XiaMen_02_01_03_06_Optical_101.tif,dl\data\extracted\LAB_1024\XiaMen_02_01_03_06_Label_101.tif,train
102,XiaMen_02_01_03_07,XiaMen,dl\data\extracted\SAR_1024\XiaMen_02_01_03_07_SAR_102.tif,dl\data\extracted\OPT_1024\XiaMen_02_01_03_07_Optical_102.tif,dl\data\extracted\LAB_1024\XiaMen_02_01_03_07_Label_102.tif,train
103,XiaMen_02_01_03_08,XiaMen,dl\data\extracted\SAR_1024\XiaMen_02_01_03_08_SAR_103.tif,dl\data\extracted\OPT_1024\XiaMen_02_01_03_08_Optical_103.tif,dl\data\extracted\LAB_1024\XiaMen_02_01_03_08_Label_103.tif,train
104,XiaMen_02_01_03_09,XiaMen,dl\data\extracted\SAR_1024\XiaMen_02_01_03_09_SAR_104.tif,dl\data\extracted\OPT_1024\XiaMen_02_01_03_09_Optical_104.tif,dl\data\extracted\LAB_1024\XiaMen_02_01_03_09_Label_104.tif,train
105,XiaMen_02_01_04_01,XiaMen,dl\data\extracted\SAR_1024\XiaMen_02_01_04_01_SAR_105.tif,dl\data\extracted\OPT_1024\XiaMen_02_01_04_01_Optical_105.tif,dl\data\extracted\LAB_1024\XiaMen_02_01_04_01_Label_105.tif,train
106,XiaMen_02_01_04_02,XiaMen,dl\data\extracted\SAR_1024\XiaMen_02_01_04_02_SAR_106.tif,dl\data\extracted\OPT_1024\XiaMen_02_01_04_02_Optical_106.tif,dl\data\extracted\LAB_1024\XiaMen_02_01_04_02_Label_106.tif,train
107,XiaMen_02_01_04_03,XiaMen,dl\data\extracted\SAR_1024\XiaMen_02_01_04_03_SAR_107.tif,dl\data\extracted\OPT_1024\XiaMen_02_01_04_03_Optical_107.tif,dl\data\extracted\LAB_1024\XiaMen_02_01_04_03_Label_107.tif,train
108,XiaMen_02_01_04_04,XiaMen,dl\data\extracted\SAR_1024\XiaMen_02_01_04_04_SAR_108.tif,dl\data\extracted\OPT_1024\XiaMen_02_01_04_04_Optical_108.tif,dl\data\extracted\LAB_1024\XiaMen_02_01_04_04_Label_108.tif,train
109,XiaMen_02_01_04_05,XiaMen,dl\data\extracted\SAR_1024\XiaMen_02_01_04_05_SAR_109.tif,dl\data\extracted\OPT_1024\XiaMen_02_01_04_05_Optical_109.tif,dl\data\extracted\LAB_1024\XiaMen_02_01_04_05_Label_109.tif,train
110,XiaMen_02_01_04_06,XiaMen,dl\data\extracted\SAR_1024\XiaMen_02_01_04_06_SAR_110.tif,dl\data\extracted\OPT_1024\XiaMen_02_01_04_06_Optical_110.tif,dl\data\extracted\LAB_1024\XiaMen_02_01_04_06_Label_110.tif,train
111,XiaMen_02_01_04_07,XiaMen,dl\data\extracted\SAR_1024\XiaMen_02_01_04_07_SAR_111.tif,dl\data\extracted\OPT_1024\XiaMen_02_01_04_07_Optical_111.tif,dl\data\extracted\LAB_1024\XiaMen_02_01_04_07_Label_111.tif,train
112,XiaMen_02_01_04_08,XiaMen,dl\data\extracted\SAR_1024\XiaMen_02_01_04_08_SAR_112.tif,dl\data\extracted\OPT_1024\XiaMen_02_01_04_08_Optical_112.tif,dl\data\extracted\LAB_1024\XiaMen_02_01_04_08_Label_112.tif,train
113,XiaMen_02_01_04_09,XiaMen,dl\data\extracted\SAR_1024\XiaMen_02_01_04_09_SAR_113.tif,dl\data\extracted\OPT_1024\XiaMen_02_01_04_09_Optical_113.tif,dl\data\extracted\LAB_1024\XiaMen_02_01_04_09_Label_113.tif,train
114,XiaMen_02_01_05_01,XiaMen,dl\data\extracted\SAR_1024\XiaMen_02_01_05_01_SAR_114.tif,dl\data\extracted\OPT_1024\XiaMen_02_01_05_01_Optical_114.tif,dl\data\extracted\LAB_1024\XiaMen_02_01_05_01_Label_114.tif,train
115,XiaMen_02_01_05_02,XiaMen,dl\data\extracted\SAR_1024\XiaMen_02_01_05_02_SAR_115.tif,dl\data\extracted\OPT_1024\XiaMen_02_01_05_02_Optical_115.tif,dl\data\extracted\LAB_1024\XiaMen_02_01_05_02_Label_115.tif,train
116,XiaMen_02_01_05_03,XiaMen,dl\data\extracted\SAR_1024\XiaMen_02_01_05_03_SAR_116.tif,dl\data\extracted\OPT_1024\XiaMen_02_01_05_03_Optical_116.tif,dl\data\extracted\LAB_1024\XiaMen_02_01_05_03_Label_116.tif,train
117,XiaMen_02_01_05_04,XiaMen,dl\data\extracted\SAR_1024\XiaMen_02_01_05_04_SAR_117.tif,dl\data\extracted\OPT_1024\XiaMen_02_01_05_04_Optical_117.tif,dl\data\extracted\LAB_1024\XiaMen_02_01_05_04_Label_117.tif,train
118,XiaMen_02_01_05_05,XiaMen,dl\data\extracted\SAR_1024\XiaMen_02_01_05_05_SAR_118.tif,dl\data\extracted\OPT_1024\XiaMen_02_01_05_05_Optical_118.tif,dl\data\extracted\LAB_1024\XiaMen_02_01_05_05_Label_118.tif,train
119,XiaMen_02_01_05_06,XiaMen,dl\data\extracted\SAR_1024\XiaMen_02_01_05_06_SAR_119.tif,dl\data\extracted\OPT_1024\XiaMen_02_01_05_06_Optical_119.tif,dl\data\extracted\LAB_1024\XiaMen_02_01_05_06_Label_119.tif,train
120,XiaMen_02_01_05_07,XiaMen,dl\data\extracted\SAR_1024\XiaMen_02_01_05_07_SAR_120.tif,dl\data\extracted\OPT_1024\XiaMen_02_01_05_07_Optical_120.tif,dl\data\extracted\LAB_1024\XiaMen_02_01_05_07_Label_120.tif,train
121,XiaMen_02_01_05_08,XiaMen,dl\data\extracted\SAR_1024\XiaMen_02_01_05_08_SAR_121.tif,dl\data\extracted\OPT_1024\XiaMen_02_01_05_08_Optical_121.tif,dl\data\extracted\LAB_1024\XiaMen_02_01_05_08_Label_121.tif,train
122,XiaMen_02_01_05_09,XiaMen,dl\data\extracted\SAR_1024\XiaMen_02_01_05_09_SAR_122.tif,dl\data\extracted\OPT_1024\XiaMen_02_01_05_09_Optical_122.tif,dl\data\extracted\LAB_1024\XiaMen_02_01_05_09_Label_122.tif,train
123,XiaMen_02_01_06_01,XiaMen,dl\data\extracted\SAR_1024\XiaMen_02_01_06_01_SAR_123.tif,dl\data\extracted\OPT_1024\XiaMen_02_01_06_01_Optical_123.tif,dl\data\extracted\LAB_1024\XiaMen_02_01_06_01_Label_123.tif,train
124,XiaMen_02_01_06_02,XiaMen,dl\data\extracted\SAR_1024\XiaMen_02_01_06_02_SAR_124.tif,dl\data\extracted\OPT_1024\XiaMen_02_01_06_02_Optical_124.tif,dl\data\extracted\LAB_1024\XiaMen_02_01_06_02_Label_124.tif,train
125,XiaMen_02_01_06_03,XiaMen,dl\data\extracted\SAR_1024\XiaMen_02_01_06_03_SAR_125.tif,dl\data\extracted\OPT_1024\XiaMen_02_01_06_03_Optical_125.tif,dl\data\extracted\LAB_1024\XiaMen_02_01_06_03_Label_125.tif,train
126,XiaMen_02_01_06_04,XiaMen,dl\data\extracted\SAR_1024\XiaMen_02_01_06_04_SAR_126.tif,dl\data\extracted\OPT_1024\XiaMen_02_01_06_04_Optical_126.tif,dl\data\extracted\LAB_1024\XiaMen_02_01_06_04_Label_126.tif,train
127,XiaMen_02_01_06_05,XiaMen,dl\data\extracted\SAR_1024\XiaMen_02_01_06_05_SAR_127.tif,dl\data\extracted\OPT_1024\XiaMen_02_01_06_05_Optical_127.tif,dl\data\extracted\LAB_1024\XiaMen_02_01_06_05_Label_127.tif,train
128,XiaMen_02_01_06_06,XiaMen,dl\data\extracted\SAR_1024\XiaMen_02_01_06_06_SAR_128.tif,dl\data\extracted\OPT_1024\XiaMen_02_01_06_06_Optical_128.tif,dl\data\extracted\LAB_1024\XiaMen_02_01_06_06_Label_128.tif,train
129,XiaMen_02_01_06_07,XiaMen,dl\data\extracted\SAR_1024\XiaMen_02_01_06_07_SAR_129.tif,dl\data\extracted\OPT_1024\XiaMen_02_01_06_07_Optical_129.tif,dl\data\extracted\LAB_1024\XiaMen_02_01_06_07_Label_129.tif,train
130,XiaMen_02_01_06_08,XiaMen,dl\data\extracted\SAR_1024\XiaMen_02_01_06_08_SAR_130.tif,dl\data\extracted\OPT_1024\XiaMen_02_01_06_08_Optical_130.tif,dl\data\extracted\LAB_1024\XiaMen_02_01_06_08_Label_130.tif,train
131,XiaMen_02_01_06_09,XiaMen,dl\data\extracted\SAR_1024\XiaMen_02_01_06_09_SAR_131.tif,dl\data\extracted\OPT_1024\XiaMen_02_01_06_09_Optical_131.tif,dl\data\extracted\LAB_1024\XiaMen_02_01_06_09_Label_131.tif,train
132,XiaMen_02_01_07_01,XiaMen,dl\data\extracted\SAR_1024\XiaMen_02_01_07_01_SAR_132.tif,dl\data\extracted\OPT_1024\XiaMen_02_01_07_01_Optical_132.tif,dl\data\extracted\LAB_1024\XiaMen_02_01_07_01_Label_132.tif,train
133,XiaMen_02_01_07_02,XiaMen,dl\data\extracted\SAR_1024\XiaMen_02_01_07_02_SAR_133.tif,dl\data\extracted\OPT_1024\XiaMen_02_01_07_02_Optical_133.tif,dl\data\extracted\LAB_1024\XiaMen_02_01_07_02_Label_133.tif,train
134,XiaMen_02_01_07_03,XiaMen,dl\data\extracted\SAR_1024\XiaMen_02_01_07_03_SAR_134.tif,dl\data\extracted\OPT_1024\XiaMen_02_01_07_03_Optical_134.tif,dl\data\extracted\LAB_1024\XiaMen_02_01_07_03_Label_134.tif,train
135,XiaMen_02_01_07_04,XiaMen,dl\data\extracted\SAR_1024\XiaMen_02_01_07_04_SAR_135.tif,dl\data\extracted\OPT_1024\XiaMen_02_01_07_04_Optical_135.tif,dl\data\extracted\LAB_1024\XiaMen_02_01_07_04_Label_135.tif,train
136,XiaMen_02_01_07_05,XiaMen,dl\data\extracted\SAR_1024\XiaMen_02_01_07_05_SAR_136.tif,dl\data\extracted\OPT_1024\XiaMen_02_01_07_05_Optical_136.tif,dl\data\extracted\LAB_1024\XiaMen_02_01_07_05_Label_136.tif,train
137,XiaMen_02_01_07_06,XiaMen,dl\data\extracted\SAR_1024\XiaMen_02_01_07_06_SAR_137.tif,dl\data\extracted\OPT_1024\XiaMen_02_01_07_06_Optical_137.tif,dl\data\extracted\LAB_1024\XiaMen_02_01_07_06_Label_137.tif,train
138,XiaMen_02_01_07_07,XiaMen,dl\data\extracted\SAR_1024\XiaMen_02_01_07_07_SAR_138.tif,dl\data\extracted\OPT_1024\XiaMen_02_01_07_07_Optical_138.tif,dl\data\extracted\LAB_1024\XiaMen_02_01_07_07_Label_138.tif,train
139,XiaMen_02_01_07_08,XiaMen,dl\data\extracted\SAR_1024\XiaMen_02_01_07_08_SAR_139.tif,dl\data\extracted\OPT_1024\XiaMen_02_01_07_08_Optical_139.tif,dl\data\extracted\LAB_1024\XiaMen_02_01_07_08_Label_139.tif,train
140,XiaMen_02_01_07_09,XiaMen,dl\data\extracted\SAR_1024\XiaMen_02_01_07_09_SAR_140.tif,dl\data\extracted\OPT_1024\XiaMen_02_01_07_09_Optical_140.tif,dl\data\extracted\LAB_1024\XiaMen_02_01_07_09_Label_140.tif,train
141,XiaMen_02_01_08_01,XiaMen,dl\data\extracted\SAR_1024\XiaMen_02_01_08_01_SAR_141.tif,dl\data\extracted\OPT_1024\XiaMen_02_01_08_01_Optical_141.tif,dl\data\extracted\LAB_1024\XiaMen_02_01_08_01_Label_141.tif,train
142,XiaMen_02_01_08_02,XiaMen,dl\data\extracted\SAR_1024\XiaMen_02_01_08_02_SAR_142.tif,dl\data\extracted\OPT_1024\XiaMen_02_01_08_02_Optical_142.tif,dl\data\extracted\LAB_1024\XiaMen_02_01_08_02_Label_142.tif,train
143,XiaMen_02_01_08_03,XiaMen,dl\data\extracted\SAR_1024\XiaMen_02_01_08_03_SAR_143.tif,dl\data\extracted\OPT_1024\XiaMen_02_01_08_03_Optical_143.tif,dl\data\extracted\LAB_1024\XiaMen_02_01_08_03_Label_143.tif,train
144,XiaMen_02_01_08_04,XiaMen,dl\data\extracted\SAR_1024\XiaMen_02_01_08_04_SAR_144.tif,dl\data\extracted\OPT_1024\XiaMen_02_01_08_04_Optical_144.tif,dl\data\extracted\LAB_1024\XiaMen_02_01_08_04_Label_144.tif,train
145,XiaMen_02_01_08_05,XiaMen,dl\data\extracted\SAR_1024\XiaMen_02_01_08_05_SAR_145.tif,dl\data\extracted\OPT_1024\XiaMen_02_01_08_05_Optical_145.tif,dl\data\extracted\LAB_1024\XiaMen_02_01_08_05_Label_145.tif,train
146,XiaMen_02_01_08_06,XiaMen,dl\data\extracted\SAR_1024\XiaMen_02_01_08_06_SAR_146.tif,dl\data\extracted\OPT_1024\XiaMen_02_01_08_06_Optical_146.tif,dl\data\extracted\LAB_1024\XiaMen_02_01_08_06_Label_146.tif,train
147,XiaMen_02_01_08_07,XiaMen,dl\data\extracted\SAR_1024\XiaMen_02_01_08_07_SAR_147.tif,dl\data\extracted\OPT_1024\XiaMen_02_01_08_07_Optical_147.tif,dl\data\extracted\LAB_1024\XiaMen_02_01_08_07_Label_147.tif,train
148,XiaMen_02_01_08_08,XiaMen,dl\data\extracted\SAR_1024\XiaMen_02_01_08_08_SAR_148.tif,dl\data\extracted\OPT_1024\XiaMen_02_01_08_08_Optical_148.tif,dl\data\extracted\LAB_1024\XiaMen_02_01_08_08_Label_148.tif,train
149,XiaMen_02_01_08_09,XiaMen,dl\data\extracted\SAR_1024\XiaMen_02_01_08_09_SAR_149.tif,dl\data\extracted\OPT_1024\XiaMen_02_01_08_09_Optical_149.tif,dl\data\extracted\LAB_1024\XiaMen_02_01_08_09_Label_149.tif,train
150,XiaMen_02_01_09_01,XiaMen,dl\data\extracted\SAR_1024\XiaMen_02_01_09_01_SAR_150.tif,dl\data\extracted\OPT_1024\XiaMen_02_01_09_01_Optical_150.tif,dl\data\extracted\LAB_1024\XiaMen_02_01_09_01_Label_150.tif,train
151,XiaMen_02_01_09_02,XiaMen,dl\data\extracted\SAR_1024\XiaMen_02_01_09_02_SAR_151.tif,dl\data\extracted\OPT_1024\XiaMen_02_01_09_02_Optical_151.tif,dl\data\extracted\LAB_1024\XiaMen_02_01_09_02_Label_151.tif,train
152,XiaMen_02_01_09_03,XiaMen,dl\data\extracted\SAR_1024\XiaMen_02_01_09_03_SAR_152.tif,dl\data\extracted\OPT_1024\XiaMen_02_01_09_03_Optical_152.tif,dl\data\extracted\LAB_1024\XiaMen_02_01_09_03_Label_152.tif,train
153,XiaMen_02_01_09_04,XiaMen,dl\data\extracted\SAR_1024\XiaMen_02_01_09_04_SAR_153.tif,dl\data\extracted\OPT_1024\XiaMen_02_01_09_04_Optical_153.tif,dl\data\extracted\LAB_1024\XiaMen_02_01_09_04_Label_153.tif,train
154,XiaMen_02_01_09_05,XiaMen,dl\data\extracted\SAR_1024\XiaMen_02_01_09_05_SAR_154.tif,dl\data\extracted\OPT_1024\XiaMen_02_01_09_05_Optical_154.tif,dl\data\extracted\LAB_1024\XiaMen_02_01_09_05_Label_154.tif,train
155,XiaMen_02_01_09_06,XiaMen,dl\data\extracted\SAR_1024\XiaMen_02_01_09_06_SAR_155.tif,dl\data\extracted\OPT_1024\XiaMen_02_01_09_06_Optical_155.tif,dl\data\extracted\LAB_1024\XiaMen_02_01_09_06_Label_155.tif,train
156,XiaMen_02_01_09_07,XiaMen,dl\data\extracted\SAR_1024\XiaMen_02_01_09_07_SAR_156.tif,dl\data\extracted\OPT_1024\XiaMen_02_01_09_07_Optical_156.tif,dl\data\extracted\LAB_1024\XiaMen_02_01_09_07_Label_156.tif,train
157,XiaMen_02_01_09_08,XiaMen,dl\data\extracted\SAR_1024\XiaMen_02_01_09_08_SAR_157.tif,dl\data\extracted\OPT_1024\XiaMen_02_01_09_08_Optical_157.tif,dl\data\extracted\LAB_1024\XiaMen_02_01_09_08_Label_157.tif,train
158,XiaMen_02_01_09_09,XiaMen,dl\data\extracted\SAR_1024\XiaMen_02_01_09_09_SAR_158.tif,dl\data\extracted\OPT_1024\XiaMen_02_01_09_09_Optical_158.tif,dl\data\extracted\LAB_1024\XiaMen_02_01_09_09_Label_158.tif,train
159,XiaMen_02_01_10_01,XiaMen,dl\data\extracted\SAR_1024\XiaMen_02_01_10_01_SAR_159.tif,dl\data\extracted\OPT_1024\XiaMen_02_01_10_01_Optical_159.tif,dl\data\extracted\LAB_1024\XiaMen_02_01_10_01_Label_159.tif,train
160,XiaMen_02_01_10_02,XiaMen,dl\data\extracted\SAR_1024\XiaMen_02_01_10_02_SAR_160.tif,dl\data\extracted\OPT_1024\XiaMen_02_01_10_02_Optical_160.tif,dl\data\extracted\LAB_1024\XiaMen_02_01_10_02_Label_160.tif,train
161,XiaMen_02_01_10_03,XiaMen,dl\data\extracted\SAR_1024\XiaMen_02_01_10_03_SAR_161.tif,dl\data\extracted\OPT_1024\XiaMen_02_01_10_03_Optical_161.tif,dl\data\extracted\LAB_1024\XiaMen_02_01_10_03_Label_161.tif,train
162,XiaMen_02_01_10_04,XiaMen,dl\data\extracted\SAR_1024\XiaMen_02_01_10_04_SAR_162.tif,dl\data\extracted\OPT_1024\XiaMen_02_01_10_04_Optical_162.tif,dl\data\extracted\LAB_1024\XiaMen_02_01_10_04_Label_162.tif,train
163,XiaMen_02_01_10_05,XiaMen,dl\data\extracted\SAR_1024\XiaMen_02_01_10_05_SAR_163.tif,dl\data\extracted\OPT_1024\XiaMen_02_01_10_05_Optical_163.tif,dl\data\extracted\LAB_1024\XiaMen_02_01_10_05_Label_163.tif,train
164,XiaMen_02_01_10_06,XiaMen,dl\data\extracted\SAR_1024\XiaMen_02_01_10_06_SAR_164.tif,dl\data\extracted\OPT_1024\XiaMen_02_01_10_06_Optical_164.tif,dl\data\extracted\LAB_1024\XiaMen_02_01_10_06_Label_164.tif,train
165,XiaMen_02_01_10_07,XiaMen,dl\data\extracted\SAR_1024\XiaMen_02_01_10_07_SAR_165.tif,dl\data\extracted\OPT_1024\XiaMen_02_01_10_07_Optical_165.tif,dl\data\extracted\LAB_1024\XiaMen_02_01_10_07_Label_165.tif,train
166,XiaMen_02_01_10_08,XiaMen,dl\data\extracted\SAR_1024\XiaMen_02_01_10_08_SAR_166.tif,dl\data\extracted\OPT_1024\XiaMen_02_01_10_08_Optical_166.tif,dl\data\extracted\LAB_1024\XiaMen_02_01_10_08_Label_166.tif,train
167,XiaMen_02_01_10_09,XiaMen,dl\data\extracted\SAR_1024\XiaMen_02_01_10_09_SAR_167.tif,dl\data\extracted\OPT_1024\XiaMen_02_01_10_09_Optical_167.tif,dl\data\extracted\LAB_1024\XiaMen_02_01_10_09_Label_167.tif,train
168,XiaMen_02_01_11_01,XiaMen,dl\data\extracted\SAR_1024\XiaMen_02_01_11_01_SAR_168.tif,dl\data\extracted\OPT_1024\XiaMen_02_01_11_01_Optical_168.tif,dl\data\extracted\LAB_1024\XiaMen_02_01_11_01_Label_168.tif,train
169,XiaMen_02_01_11_02,XiaMen,dl\data\extracted\SAR_1024\XiaMen_02_01_11_02_SAR_169.tif,dl\data\extracted\OPT_1024\XiaMen_02_01_11_02_Optical_169.tif,dl\data\extracted\LAB_1024\XiaMen_02_01_11_02_Label_169.tif,train
170,XiaMen_02_01_11_03,XiaMen,dl\data\extracted\SAR_1024\XiaMen_02_01_11_03_SAR_170.tif,dl\data\extracted\OPT_1024\XiaMen_02_01_11_03_Optical_170.tif,dl\data\extracted\LAB_1024\XiaMen_02_01_11_03_Label_170.tif,train
171,XiaMen_02_01_11_04,XiaMen,dl\data\extracted\SAR_1024\XiaMen_02_01_11_04_SAR_171.tif,dl\data\extracted\OPT_1024\XiaMen_02_01_11_04_Optical_171.tif,dl\data\extracted\LAB_1024\XiaMen_02_01_11_04_Label_171.tif,train
172,XiaMen_02_01_11_05,XiaMen,dl\data\extracted\SAR_1024\XiaMen_02_01_11_05_SAR_172.tif,dl\data\extracted\OPT_1024\XiaMen_02_01_11_05_Optical_172.tif,dl\data\extracted\LAB_1024\XiaMen_02_01_11_05_Label_172.tif,train
173,XiaMen_02_01_11_06,XiaMen,dl\data\extracted\SAR_1024\XiaMen_02_01_11_06_SAR_173.tif,dl\data\extracted\OPT_1024\XiaMen_02_01_11_06_Optical_173.tif,dl\data\extracted\LAB_1024\XiaMen_02_01_11_06_Label_173.tif,train
174,XiaMen_02_01_11_07,XiaMen,dl\data\extracted\SAR_1024\XiaMen_02_01_11_07_SAR_174.tif,dl\data\extracted\OPT_1024\XiaMen_02_01_11_07_Optical_174.tif,dl\data\extracted\LAB_1024\XiaMen_02_01_11_07_Label_174.tif,train
175,XiaMen_02_01_11_08,XiaMen,dl\data\extracted\SAR_1024\XiaMen_02_01_11_08_SAR_175.tif,dl\data\extracted\OPT_1024\XiaMen_02_01_11_08_Optical_175.tif,dl\data\extracted\LAB_1024\XiaMen_02_01_11_08_Label_175.tif,train
176,XiaMen_02_01_11_09,XiaMen,dl\data\extracted\SAR_1024\XiaMen_02_01_11_09_SAR_176.tif,dl\data\extracted\OPT_1024\XiaMen_02_01_11_09_Optical_176.tif,dl\data\extracted\LAB_1024\XiaMen_02_01_11_09_Label_176.tif,train
177,XiaMen_02_01_12_01,XiaMen,dl\data\extracted\SAR_1024\XiaMen_02_01_12_01_SAR_177.tif,dl\data\extracted\OPT_1024\XiaMen_02_01_12_01_Optical_177.tif,dl\data\extracted\LAB_1024\XiaMen_02_01_12_01_Label_177.tif,train
178,XiaMen_02_01_12_02,XiaMen,dl\data\extracted\SAR_1024\XiaMen_02_01_12_02_SAR_178.tif,dl\data\extracted\OPT_1024\XiaMen_02_01_12_02_Optical_178.tif,dl\data\extracted\LAB_1024\XiaMen_02_01_12_02_Label_178.tif,train
179,XiaMen_02_01_12_03,XiaMen,dl\data\extracted\SAR_1024\XiaMen_02_01_12_03_SAR_179.tif,dl\data\extracted\OPT_1024\XiaMen_02_01_12_03_Optical_179.tif,dl\data\extracted\LAB_1024\XiaMen_02_01_12_03_Label_179.tif,train
180,XiaMen_02_01_12_04,XiaMen,dl\data\extracted\SAR_1024\XiaMen_02_01_12_04_SAR_180.tif,dl\data\extracted\OPT_1024\XiaMen_02_01_12_04_Optical_180.tif,dl\data\extracted\LAB_1024\XiaMen_02_01_12_04_Label_180.tif,train
181,XiaMen_02_01_12_05,XiaMen,dl\data\extracted\SAR_1024\XiaMen_02_01_12_05_SAR_181.tif,dl\data\extracted\OPT_1024\XiaMen_02_01_12_05_Optical_181.tif,dl\data\extracted\LAB_1024\XiaMen_02_01_12_05_Label_181.tif,train
182,XiaMen_02_01_12_06,XiaMen,dl\data\extracted\SAR_1024\XiaMen_02_01_12_06_SAR_182.tif,dl\data\extracted\OPT_1024\XiaMen_02_01_12_06_Optical_182.tif,dl\data\extracted\LAB_1024\XiaMen_02_01_12_06_Label_182.tif,train
183,XiaMen_02_01_12_07,XiaMen,dl\data\extracted\SAR_1024\XiaMen_02_01_12_07_SAR_183.tif,dl\data\extracted\OPT_1024\XiaMen_02_01_12_07_Optical_183.tif,dl\data\extracted\LAB_1024\XiaMen_02_01_12_07_Label_183.tif,train
184,XiaMen_02_01_12_08,XiaMen,dl\data\extracted\SAR_1024\XiaMen_02_01_12_08_SAR_184.tif,dl\data\extracted\OPT_1024\XiaMen_02_01_12_08_Optical_184.tif,dl\data\extracted\LAB_1024\XiaMen_02_01_12_08_Label_184.tif,train
185,XiaMen_02_01_12_09,XiaMen,dl\data\extracted\SAR_1024\XiaMen_02_01_12_09_SAR_185.tif,dl\data\extracted\OPT_1024\XiaMen_02_01_12_09_Optical_185.tif,dl\data\extracted\LAB_1024\XiaMen_02_01_12_09_Label_185.tif,train
186,XiaMen_02_01_13_01,XiaMen,dl\data\extracted\SAR_1024\XiaMen_02_01_13_01_SAR_186.tif,dl\data\extracted\OPT_1024\XiaMen_02_01_13_01_Optical_186.tif,dl\data\extracted\LAB_1024\XiaMen_02_01_13_01_Label_186.tif,train
187,XiaMen_02_01_13_02,XiaMen,dl\data\extracted\SAR_1024\XiaMen_02_01_13_02_SAR_187.tif,dl\data\extracted\OPT_1024\XiaMen_02_01_13_02_Optical_187.tif,dl\data\extracted\LAB_1024\XiaMen_02_01_13_02_Label_187.tif,train
188,XiaMen_02_01_13_03,XiaMen,dl\data\extracted\SAR_1024\XiaMen_02_01_13_03_SAR_188.tif,dl\data\extracted\OPT_1024\XiaMen_02_01_13_03_Optical_188.tif,dl\data\extracted\LAB_1024\XiaMen_02_01_13_03_Label_188.tif,train
189,XiaMen_02_01_13_04,XiaMen,dl\data\extracted\SAR_1024\XiaMen_02_01_13_04_SAR_189.tif,dl\data\extracted\OPT_1024\XiaMen_02_01_13_04_Optical_189.tif,dl\data\extracted\LAB_1024\XiaMen_02_01_13_04_Label_189.tif,train
190,XiaMen_02_01_13_05,XiaMen,dl\data\extracted\SAR_1024\XiaMen_02_01_13_05_SAR_190.tif,dl\data\extracted\OPT_1024\XiaMen_02_01_13_05_Optical_190.tif,dl\data\extracted\LAB_1024\XiaMen_02_01_13_05_Label_190.tif,train
191,XiaMen_02_01_13_06,XiaMen,dl\data\extracted\SAR_1024\XiaMen_02_01_13_06_SAR_191.tif,dl\data\extracted\OPT_1024\XiaMen_02_01_13_06_Optical_191.tif,dl\data\extracted\LAB_1024\XiaMen_02_01_13_06_Label_191.tif,train
192,XiaMen_02_01_13_07,XiaMen,dl\data\extracted\SAR_1024\XiaMen_02_01_13_07_SAR_192.tif,dl\data\extracted\OPT_1024\XiaMen_02_01_13_07_Optical_192.tif,dl\data\extracted\LAB_1024\XiaMen_02_01_13_07_Label_192.tif,train
193,XiaMen_02_01_13_08,XiaMen,dl\data\extracted\SAR_1024\XiaMen_02_01_13_08_SAR_193.tif,dl\data\extracted\OPT_1024\XiaMen_02_01_13_08_Optical_193.tif,dl\data\extracted\LAB_1024\XiaMen_02_01_13_08_Label_193.tif,train
194,XiaMen_02_01_13_09,XiaMen,dl\data\extracted\SAR_1024\XiaMen_02_01_13_09_SAR_194.tif,dl\data\extracted\OPT_1024\XiaMen_02_01_13_09_Optical_194.tif,dl\data\extracted\LAB_1024\XiaMen_02_01_13_09_Label_194.tif,train
195,XiaMen_02_01_14_01,XiaMen,dl\data\extracted\SAR_1024\XiaMen_02_01_14_01_SAR_195.tif,dl\data\extracted\OPT_1024\XiaMen_02_01_14_01_Optical_195.tif,dl\data\extracted\LAB_1024\XiaMen_02_01_14_01_Label_195.tif,train
196,XiaMen_02_01_14_02,XiaMen,dl\data\extracted\SAR_1024\XiaMen_02_01_14_02_SAR_196.tif,dl\data\extracted\OPT_1024\XiaMen_02_01_14_02_Optical_196.tif,dl\data\extracted\LAB_1024\XiaMen_02_01_14_02_Label_196.tif,train
197,XiaMen_02_01_14_03,XiaMen,dl\data\extracted\SAR_1024\XiaMen_02_01_14_03_SAR_197.tif,dl\data\extracted\OPT_1024\XiaMen_02_01_14_03_Optical_197.tif,dl\data\extracted\LAB_1024\XiaMen_02_01_14_03_Label_197.tif,train
198,XiaMen_02_01_14_04,XiaMen,dl\data\extracted\SAR_1024\XiaMen_02_01_14_04_SAR_198.tif,dl\data\extracted\OPT_1024\XiaMen_02_01_14_04_Optical_198.tif,dl\data\extracted\LAB_1024\XiaMen_02_01_14_04_Label_198.tif,train
199,XiaMen_02_01_14_05,XiaMen,dl\data\extracted\SAR_1024\XiaMen_02_01_14_05_SAR_199.tif,dl\data\extracted\OPT_1024\XiaMen_02_01_14_05_Optical_199.tif,dl\data\extracted\LAB_1024\XiaMen_02_01_14_05_Label_199.tif,train
200,XiaMen_02_01_14_06,XiaMen,dl\data\extracted\SAR_1024\XiaMen_02_01_14_06_SAR_200.tif,dl\data\extracted\OPT_1024\XiaMen_02_01_14_06_Optical_200.tif,dl\data\extracted\LAB_1024\XiaMen_02_01_14_06_Label_200.tif,train
201,XiaMen_02_01_14_07,XiaMen,dl\data\extracted\SAR_1024\XiaMen_02_01_14_07_SAR_201.tif,dl\data\extracted\OPT_1024\XiaMen_02_01_14_07_Optical_201.tif,dl\data\extracted\LAB_1024\XiaMen_02_01_14_07_Label_201.tif,train
202,XiaMen_02_01_14_08,XiaMen,dl\data\extracted\SAR_1024\XiaMen_02_01_14_08_SAR_202.tif,dl\data\extracted\OPT_1024\XiaMen_02_01_14_08_Optical_202.tif,dl\data\extracted\LAB_1024\XiaMen_02_01_14_08_Label_202.tif,train
203,XiaMen_02_01_14_09,XiaMen,dl\data\extracted\SAR_1024\XiaMen_02_01_14_09_SAR_203.tif,dl\data\extracted\OPT_1024\XiaMen_02_01_14_09_Optical_203.tif,dl\data\extracted\LAB_1024\XiaMen_02_01_14_09_Label_203.tif,train
204,XiaMen_02_01_15_01,XiaMen,dl\data\extracted\SAR_1024\XiaMen_02_01_15_01_SAR_204.tif,dl\data\extracted\OPT_1024\XiaMen_02_01_15_01_Optical_204.tif,dl\data\extracted\LAB_1024\XiaMen_02_01_15_01_Label_204.tif,train
205,XiaMen_02_01_15_02,XiaMen,dl\data\extracted\SAR_1024\XiaMen_02_01_15_02_SAR_205.tif,dl\data\extracted\OPT_1024\XiaMen_02_01_15_02_Optical_205.tif,dl\data\extracted\LAB_1024\XiaMen_02_01_15_02_Label_205.tif,train
206,XiaMen_02_01_15_03,XiaMen,dl\data\extracted\SAR_1024\XiaMen_02_01_15_03_SAR_206.tif,dl\data\extracted\OPT_1024\XiaMen_02_01_15_03_Optical_206.tif,dl\data\extracted\LAB_1024\XiaMen_02_01_15_03_Label_206.tif,train
207,XiaMen_02_01_15_04,XiaMen,dl\data\extracted\SAR_1024\XiaMen_02_01_15_04_SAR_207.tif,dl\data\extracted\OPT_1024\XiaMen_02_01_15_04_Optical_207.tif,dl\data\extracted\LAB_1024\XiaMen_02_01_15_04_Label_207.tif,train
208,XiaMen_02_01_15_05,XiaMen,dl\data\extracted\SAR_1024\XiaMen_02_01_15_05_SAR_208.tif,dl\data\extracted\OPT_1024\XiaMen_02_01_15_05_Optical_208.tif,dl\data\extracted\LAB_1024\XiaMen_02_01_15_05_Label_208.tif,train
209,XiaMen_02_01_15_06,XiaMen,dl\data\extracted\SAR_1024\XiaMen_02_01_15_06_SAR_209.tif,dl\data\extracted\OPT_1024\XiaMen_02_01_15_06_Optical_209.tif,dl\data\extracted\LAB_1024\XiaMen_02_01_15_06_Label_209.tif,train
210,XiaMen_02_01_15_07,XiaMen,dl\data\extracted\SAR_1024\XiaMen_02_01_15_07_SAR_210.tif,dl\data\extracted\OPT_1024\XiaMen_02_01_15_07_Optical_210.tif,dl\data\extracted\LAB_1024\XiaMen_02_01_15_07_Label_210.tif,train
211,XiaMen_02_01_15_08,XiaMen,dl\data\extracted\SAR_1024\XiaMen_02_01_15_08_SAR_211.tif,dl\data\extracted\OPT_1024\XiaMen_02_01_15_08_Optical_211.tif,dl\data\extracted\LAB_1024\XiaMen_02_01_15_08_Label_211.tif,train
212,XiaMen_02_01_15_09,XiaMen,dl\data\extracted\SAR_1024\XiaMen_02_01_15_09_SAR_212.tif,dl\data\extracted\OPT_1024\XiaMen_02_01_15_09_Optical_212.tif,dl\data\extracted\LAB_1024\XiaMen_02_01_15_09_Label_212.tif,train
213,WuHan_03_01_01_01,WuHan,dl\data\extracted\SAR_1024\WuHan_03_01_01_01_SAR_213.tif,dl\data\extracted\OPT_1024\WuHan_03_01_01_01_Optical_213.tif,dl\data\extracted\LAB_1024\WuHan_03_01_01_01_Label_213.tif,train
214,WuHan_03_01_01_02,WuHan,dl\data\extracted\SAR_1024\WuHan_03_01_01_02_SAR_214.tif,dl\data\extracted\OPT_1024\WuHan_03_01_01_02_Optical_214.tif,dl\data\extracted\LAB_1024\WuHan_03_01_01_02_Label_214.tif,train
215,WuHan_03_01_01_03,WuHan,dl\data\extracted\SAR_1024\WuHan_03_01_01_03_SAR_215.tif,dl\data\extracted\OPT_1024\WuHan_03_01_01_03_Optical_215.tif,dl\data\extracted\LAB_1024\WuHan_03_01_01_03_Label_215.tif,train
216,WuHan_03_01_01_04,WuHan,dl\data\extracted\SAR_1024\WuHan_03_01_01_04_SAR_216.tif,dl\data\extracted\OPT_1024\WuHan_03_01_01_04_Optical_216.tif,dl\data\extracted\LAB_1024\WuHan_03_01_01_04_Label_216.tif,train
217,WuHan_03_01_01_05,WuHan,dl\data\extracted\SAR_1024\WuHan_03_01_01_05_SAR_217.tif,dl\data\extracted\OPT_1024\WuHan_03_01_01_05_Optical_217.tif,dl\data\extracted\LAB_1024\WuHan_03_01_01_05_Label_217.tif,train
218,WuHan_03_01_01_06,WuHan,dl\data\extracted\SAR_1024\WuHan_03_01_01_06_SAR_218.tif,dl\data\extracted\OPT_1024\WuHan_03_01_01_06_Optical_218.tif,dl\data\extracted\LAB_1024\WuHan_03_01_01_06_Label_218.tif,train
219,WuHan_03_01_01_07,WuHan,dl\data\extracted\SAR_1024\WuHan_03_01_01_07_SAR_219.tif,dl\data\extracted\OPT_1024\WuHan_03_01_01_07_Optical_219.tif,dl\data\extracted\LAB_1024\WuHan_03_01_01_07_Label_219.tif,train
220,WuHan_03_01_01_08,WuHan,dl\data\extracted\SAR_1024\WuHan_03_01_01_08_SAR_220.tif,dl\data\extracted\OPT_1024\WuHan_03_01_01_08_Optical_220.tif,dl\data\extracted\LAB_1024\WuHan_03_01_01_08_Label_220.tif,train
221,WuHan_03_01_01_09,WuHan,dl\data\extracted\SAR_1024\WuHan_03_01_01_09_SAR_221.tif,dl\data\extracted\OPT_1024\WuHan_03_01_01_09_Optical_221.tif,dl\data\extracted\LAB_1024\WuHan_03_01_01_09_Label_221.tif,train
222,WuHan_03_01_02_01,WuHan,dl\data\extracted\SAR_1024\WuHan_03_01_02_01_SAR_222.tif,dl\data\extracted\OPT_1024\WuHan_03_01_02_01_Optical_222.tif,dl\data\extracted\LAB_1024\WuHan_03_01_02_01_Label_222.tif,train
223,WuHan_03_01_02_02,WuHan,dl\data\extracted\SAR_1024\WuHan_03_01_02_02_SAR_223.tif,dl\data\extracted\OPT_1024\WuHan_03_01_02_02_Optical_223.tif,dl\data\extracted\LAB_1024\WuHan_03_01_02_02_Label_223.tif,train
224,WuHan_03_01_02_03,WuHan,dl\data\extracted\SAR_1024\WuHan_03_01_02_03_SAR_224.tif,dl\data\extracted\OPT_1024\WuHan_03_01_02_03_Optical_224.tif,dl\data\extracted\LAB_1024\WuHan_03_01_02_03_Label_224.tif,train
225,WuHan_03_01_02_04,WuHan,dl\data\extracted\SAR_1024\WuHan_03_01_02_04_SAR_225.tif,dl\data\extracted\OPT_1024\WuHan_03_01_02_04_Optical_225.tif,dl\data\extracted\LAB_1024\WuHan_03_01_02_04_Label_225.tif,train
226,WuHan_03_01_02_05,WuHan,dl\data\extracted\SAR_1024\WuHan_03_01_02_05_SAR_226.tif,dl\data\extracted\OPT_1024\WuHan_03_01_02_05_Optical_226.tif,dl\data\extracted\LAB_1024\WuHan_03_01_02_05_Label_226.tif,train
227,WuHan_03_01_02_06,WuHan,dl\data\extracted\SAR_1024\WuHan_03_01_02_06_SAR_227.tif,dl\data\extracted\OPT_1024\WuHan_03_01_02_06_Optical_227.tif,dl\data\extracted\LAB_1024\WuHan_03_01_02_06_Label_227.tif,train
228,WuHan_03_01_02_07,WuHan,dl\data\extracted\SAR_1024\WuHan_03_01_02_07_SAR_228.tif,dl\data\extracted\OPT_1024\WuHan_03_01_02_07_Optical_228.tif,dl\data\extracted\LAB_1024\WuHan_03_01_02_07_Label_228.tif,train
229,WuHan_03_01_02_08,WuHan,dl\data\extracted\SAR_1024\WuHan_03_01_02_08_SAR_229.tif,dl\data\extracted\OPT_1024\WuHan_03_01_02_08_Optical_229.tif,dl\data\extracted\LAB_1024\WuHan_03_01_02_08_Label_229.tif,train
230,WuHan_03_01_02_09,WuHan,dl\data\extracted\SAR_1024\WuHan_03_01_02_09_SAR_230.tif,dl\data\extracted\OPT_1024\WuHan_03_01_02_09_Optical_230.tif,dl\data\extracted\LAB_1024\WuHan_03_01_02_09_Label_230.tif,train
231,WuHan_03_01_03_01,WuHan,dl\data\extracted\SAR_1024\WuHan_03_01_03_01_SAR_231.tif,dl\data\extracted\OPT_1024\WuHan_03_01_03_01_Optical_231.tif,dl\data\extracted\LAB_1024\WuHan_03_01_03_01_Label_231.tif,train
232,WuHan_03_01_03_02,WuHan,dl\data\extracted\SAR_1024\WuHan_03_01_03_02_SAR_232.tif,dl\data\extracted\OPT_1024\WuHan_03_01_03_02_Optical_232.tif,dl\data\extracted\LAB_1024\WuHan_03_01_03_02_Label_232.tif,train
233,WuHan_03_01_03_03,WuHan,dl\data\extracted\SAR_1024\WuHan_03_01_03_03_SAR_233.tif,dl\data\extracted\OPT_1024\WuHan_03_01_03_03_Optical_233.tif,dl\data\extracted\LAB_1024\WuHan_03_01_03_03_Label_233.tif,train
234,WuHan_03_01_03_04,WuHan,dl\data\extracted\SAR_1024\WuHan_03_01_03_04_SAR_234.tif,dl\data\extracted\OPT_1024\WuHan_03_01_03_04_Optical_234.tif,dl\data\extracted\LAB_1024\WuHan_03_01_03_04_Label_234.tif,train
235,WuHan_03_01_03_05,WuHan,dl\data\extracted\SAR_1024\WuHan_03_01_03_05_SAR_235.tif,dl\data\extracted\OPT_1024\WuHan_03_01_03_05_Optical_235.tif,dl\data\extracted\LAB_1024\WuHan_03_01_03_05_Label_235.tif,train
236,WuHan_03_01_03_06,WuHan,dl\data\extracted\SAR_1024\WuHan_03_01_03_06_SAR_236.tif,dl\data\extracted\OPT_1024\WuHan_03_01_03_06_Optical_236.tif,dl\data\extracted\LAB_1024\WuHan_03_01_03_06_Label_236.tif,train
237,WuHan_03_01_03_07,WuHan,dl\data\extracted\SAR_1024\WuHan_03_01_03_07_SAR_237.tif,dl\data\extracted\OPT_1024\WuHan_03_01_03_07_Optical_237.tif,dl\data\extracted\LAB_1024\WuHan_03_01_03_07_Label_237.tif,train
238,WuHan_03_01_03_08,WuHan,dl\data\extracted\SAR_1024\WuHan_03_01_03_08_SAR_238.tif,dl\data\extracted\OPT_1024\WuHan_03_01_03_08_Optical_238.tif,dl\data\extracted\LAB_1024\WuHan_03_01_03_08_Label_238.tif,train
239,WuHan_03_01_03_09,WuHan,dl\data\extracted\SAR_1024\WuHan_03_01_03_09_SAR_239.tif,dl\data\extracted\OPT_1024\WuHan_03_01_03_09_Optical_239.tif,dl\data\extracted\LAB_1024\WuHan_03_01_03_09_Label_239.tif,train
240,WuHan_03_01_04_01,WuHan,dl\data\extracted\SAR_1024\WuHan_03_01_04_01_SAR_240.tif,dl\data\extracted\OPT_1024\WuHan_03_01_04_01_Optical_240.tif,dl\data\extracted\LAB_1024\WuHan_03_01_04_01_Label_240.tif,train
241,WuHan_03_01_04_02,WuHan,dl\data\extracted\SAR_1024\WuHan_03_01_04_02_SAR_241.tif,dl\data\extracted\OPT_1024\WuHan_03_01_04_02_Optical_241.tif,dl\data\extracted\LAB_1024\WuHan_03_01_04_02_Label_241.tif,train
242,WuHan_03_01_04_03,WuHan,dl\data\extracted\SAR_1024\WuHan_03_01_04_03_SAR_242.tif,dl\data\extracted\OPT_1024\WuHan_03_01_04_03_Optical_242.tif,dl\data\extracted\LAB_1024\WuHan_03_01_04_03_Label_242.tif,train
243,WuHan_03_01_04_04,WuHan,dl\data\extracted\SAR_1024\WuHan_03_01_04_04_SAR_243.tif,dl\data\extracted\OPT_1024\WuHan_03_01_04_04_Optical_243.tif,dl\data\extracted\LAB_1024\WuHan_03_01_04_04_Label_243.tif,train
244,WuHan_03_01_04_05,WuHan,dl\data\extracted\SAR_1024\WuHan_03_01_04_05_SAR_244.tif,dl\data\extracted\OPT_1024\WuHan_03_01_04_05_Optical_244.tif,dl\data\extracted\LAB_1024\WuHan_03_01_04_05_Label_244.tif,train
245,WuHan_03_01_04_06,WuHan,dl\data\extracted\SAR_1024\WuHan_03_01_04_06_SAR_245.tif,dl\data\extracted\OPT_1024\WuHan_03_01_04_06_Optical_245.tif,dl\data\extracted\LAB_1024\WuHan_03_01_04_06_Label_245.tif,train
246,WuHan_03_01_04_07,WuHan,dl\data\extracted\SAR_1024\WuHan_03_01_04_07_SAR_246.tif,dl\data\extracted\OPT_1024\WuHan_03_01_04_07_Optical_246.tif,dl\data\extracted\LAB_1024\WuHan_03_01_04_07_Label_246.tif,train
247,WuHan_03_01_04_08,WuHan,dl\data\extracted\SAR_1024\WuHan_03_01_04_08_SAR_247.tif,dl\data\extracted\OPT_1024\WuHan_03_01_04_08_Optical_247.tif,dl\data\extracted\LAB_1024\WuHan_03_01_04_08_Label_247.tif,train
248,WuHan_03_01_04_09,WuHan,dl\data\extracted\SAR_1024\WuHan_03_01_04_09_SAR_248.tif,dl\data\extracted\OPT_1024\WuHan_03_01_04_09_Optical_248.tif,dl\data\extracted\LAB_1024\WuHan_03_01_04_09_Label_248.tif,train
249,WuHan_03_01_05_01,WuHan,dl\data\extracted\SAR_1024\WuHan_03_01_05_01_SAR_249.tif,dl\data\extracted\OPT_1024\WuHan_03_01_05_01_Optical_249.tif,dl\data\extracted\LAB_1024\WuHan_03_01_05_01_Label_249.tif,train
250,WuHan_03_01_05_02,WuHan,dl\data\extracted\SAR_1024\WuHan_03_01_05_02_SAR_250.tif,dl\data\extracted\OPT_1024\WuHan_03_01_05_02_Optical_250.tif,dl\data\extracted\LAB_1024\WuHan_03_01_05_02_Label_250.tif,train
251,WuHan_03_01_05_03,WuHan,dl\data\extracted\SAR_1024\WuHan_03_01_05_03_SAR_251.tif,dl\data\extracted\OPT_1024\WuHan_03_01_05_03_Optical_251.tif,dl\data\extracted\LAB_1024\WuHan_03_01_05_03_Label_251.tif,train
252,WuHan_03_01_05_04,WuHan,dl\data\extracted\SAR_1024\WuHan_03_01_05_04_SAR_252.tif,dl\data\extracted\OPT_1024\WuHan_03_01_05_04_Optical_252.tif,dl\data\extracted\LAB_1024\WuHan_03_01_05_04_Label_252.tif,train
253,WuHan_03_01_05_05,WuHan,dl\data\extracted\SAR_1024\WuHan_03_01_05_05_SAR_253.tif,dl\data\extracted\OPT_1024\WuHan_03_01_05_05_Optical_253.tif,dl\data\extracted\LAB_1024\WuHan_03_01_05_05_Label_253.tif,train
254,WuHan_03_01_05_06,WuHan,dl\data\extracted\SAR_1024\WuHan_03_01_05_06_SAR_254.tif,dl\data\extracted\OPT_1024\WuHan_03_01_05_06_Optical_254.tif,dl\data\extracted\LAB_1024\WuHan_03_01_05_06_Label_254.tif,train
255,WuHan_03_01_05_07,WuHan,dl\data\extracted\SAR_1024\WuHan_03_01_05_07_SAR_255.tif,dl\data\extracted\OPT_1024\WuHan_03_01_05_07_Optical_255.tif,dl\data\extracted\LAB_1024\WuHan_03_01_05_07_Label_255.tif,train
256,WuHan_03_01_05_08,WuHan,dl\data\extracted\SAR_1024\WuHan_03_01_05_08_SAR_256.tif,dl\data\extracted\OPT_1024\WuHan_03_01_05_08_Optical_256.tif,dl\data\extracted\LAB_1024\WuHan_03_01_05_08_Label_256.tif,train
257,WuHan_03_01_05_09,WuHan,dl\data\extracted\SAR_1024\WuHan_03_01_05_09_SAR_257.tif,dl\data\extracted\OPT_1024\WuHan_03_01_05_09_Optical_257.tif,dl\data\extracted\LAB_1024\WuHan_03_01_05_09_Label_257.tif,train
258,WuHan_03_01_06_01,WuHan,dl\data\extracted\SAR_1024\WuHan_03_01_06_01_SAR_258.tif,dl\data\extracted\OPT_1024\WuHan_03_01_06_01_Optical_258.tif,dl\data\extracted\LAB_1024\WuHan_03_01_06_01_Label_258.tif,train
259,WuHan_03_01_06_02,WuHan,dl\data\extracted\SAR_1024\WuHan_03_01_06_02_SAR_259.tif,dl\data\extracted\OPT_1024\WuHan_03_01_06_02_Optical_259.tif,dl\data\extracted\LAB_1024\WuHan_03_01_06_02_Label_259.tif,train
260,WuHan_03_01_06_03,WuHan,dl\data\extracted\SAR_1024\WuHan_03_01_06_03_SAR_260.tif,dl\data\extracted\OPT_1024\WuHan_03_01_06_03_Optical_260.tif,dl\data\extracted\LAB_1024\WuHan_03_01_06_03_Label_260.tif,train
261,WuHan_03_01_06_04,WuHan,dl\data\extracted\SAR_1024\WuHan_03_01_06_04_SAR_261.tif,dl\data\extracted\OPT_1024\WuHan_03_01_06_04_Optical_261.tif,dl\data\extracted\LAB_1024\WuHan_03_01_06_04_Label_261.tif,train
262,WuHan_03_01_06_05,WuHan,dl\data\extracted\SAR_1024\WuHan_03_01_06_05_SAR_262.tif,dl\data\extracted\OPT_1024\WuHan_03_01_06_05_Optical_262.tif,dl\data\extracted\LAB_1024\WuHan_03_01_06_05_Label_262.tif,train
263,WuHan_03_01_06_06,WuHan,dl\data\extracted\SAR_1024\WuHan_03_01_06_06_SAR_263.tif,dl\data\extracted\OPT_1024\WuHan_03_01_06_06_Optical_263.tif,dl\data\extracted\LAB_1024\WuHan_03_01_06_06_Label_263.tif,train
264,WuHan_03_01_06_07,WuHan,dl\data\extracted\SAR_1024\WuHan_03_01_06_07_SAR_264.tif,dl\data\extracted\OPT_1024\WuHan_03_01_06_07_Optical_264.tif,dl\data\extracted\LAB_1024\WuHan_03_01_06_07_Label_264.tif,train
265,WuHan_03_01_06_08,WuHan,dl\data\extracted\SAR_1024\WuHan_03_01_06_08_SAR_265.tif,dl\data\extracted\OPT_1024\WuHan_03_01_06_08_Optical_265.tif,dl\data\extracted\LAB_1024\WuHan_03_01_06_08_Label_265.tif,train
266,WuHan_03_01_06_09,WuHan,dl\data\extracted\SAR_1024\WuHan_03_01_06_09_SAR_266.tif,dl\data\extracted\OPT_1024\WuHan_03_01_06_09_Optical_266.tif,dl\data\extracted\LAB_1024\WuHan_03_01_06_09_Label_266.tif,train
267,WuHan_03_01_07_01,WuHan,dl\data\extracted\SAR_1024\WuHan_03_01_07_01_SAR_267.tif,dl\data\extracted\OPT_1024\WuHan_03_01_07_01_Optical_267.tif,dl\data\extracted\LAB_1024\WuHan_03_01_07_01_Label_267.tif,train
268,WuHan_03_01_07_02,WuHan,dl\data\extracted\SAR_1024\WuHan_03_01_07_02_SAR_268.tif,dl\data\extracted\OPT_1024\WuHan_03_01_07_02_Optical_268.tif,dl\data\extracted\LAB_1024\WuHan_03_01_07_02_Label_268.tif,train
269,WuHan_03_01_07_03,WuHan,dl\data\extracted\SAR_1024\WuHan_03_01_07_03_SAR_269.tif,dl\data\extracted\OPT_1024\WuHan_03_01_07_03_Optical_269.tif,dl\data\extracted\LAB_1024\WuHan_03_01_07_03_Label_269.tif,train
270,WuHan_03_01_07_04,WuHan,dl\data\extracted\SAR_1024\WuHan_03_01_07_04_SAR_270.tif,dl\data\extracted\OPT_1024\WuHan_03_01_07_04_Optical_270.tif,dl\data\extracted\LAB_1024\WuHan_03_01_07_04_Label_270.tif,train
271,WuHan_03_01_07_05,WuHan,dl\data\extracted\SAR_1024\WuHan_03_01_07_05_SAR_271.tif,dl\data\extracted\OPT_1024\WuHan_03_01_07_05_Optical_271.tif,dl\data\extracted\LAB_1024\WuHan_03_01_07_05_Label_271.tif,train
272,WuHan_03_01_07_06,WuHan,dl\data\extracted\SAR_1024\WuHan_03_01_07_06_SAR_272.tif,dl\data\extracted\OPT_1024\WuHan_03_01_07_06_Optical_272.tif,dl\data\extracted\LAB_1024\WuHan_03_01_07_06_Label_272.tif,train
273,WuHan_03_01_07_07,WuHan,dl\data\extracted\SAR_1024\WuHan_03_01_07_07_SAR_273.tif,dl\data\extracted\OPT_1024\WuHan_03_01_07_07_Optical_273.tif,dl\data\extracted\LAB_1024\WuHan_03_01_07_07_Label_273.tif,train
274,WuHan_03_01_07_08,WuHan,dl\data\extracted\SAR_1024\WuHan_03_01_07_08_SAR_274.tif,dl\data\extracted\OPT_1024\WuHan_03_01_07_08_Optical_274.tif,dl\data\extracted\LAB_1024\WuHan_03_01_07_08_Label_274.tif,train
275,WuHan_03_01_07_09,WuHan,dl\data\extracted\SAR_1024\WuHan_03_01_07_09_SAR_275.tif,dl\data\extracted\OPT_1024\WuHan_03_01_07_09_Optical_275.tif,dl\data\extracted\LAB_1024\WuHan_03_01_07_09_Label_275.tif,train
276,WuHan_03_01_08_01,WuHan,dl\data\extracted\SAR_1024\WuHan_03_01_08_01_SAR_276.tif,dl\data\extracted\OPT_1024\WuHan_03_01_08_01_Optical_276.tif,dl\data\extracted\LAB_1024\WuHan_03_01_08_01_Label_276.tif,train
277,WuHan_03_01_08_02,WuHan,dl\data\extracted\SAR_1024\WuHan_03_01_08_02_SAR_277.tif,dl\data\extracted\OPT_1024\WuHan_03_01_08_02_Optical_277.tif,dl\data\extracted\LAB_1024\WuHan_03_01_08_02_Label_277.tif,train
278,WuHan_03_01_08_03,WuHan,dl\data\extracted\SAR_1024\WuHan_03_01_08_03_SAR_278.tif,dl\data\extracted\OPT_1024\WuHan_03_01_08_03_Optical_278.tif,dl\data\extracted\LAB_1024\WuHan_03_01_08_03_Label_278.tif,train
279,WuHan_03_01_08_04,WuHan,dl\data\extracted\SAR_1024\WuHan_03_01_08_04_SAR_279.tif,dl\data\extracted\OPT_1024\WuHan_03_01_08_04_Optical_279.tif,dl\data\extracted\LAB_1024\WuHan_03_01_08_04_Label_279.tif,train
280,WuHan_03_01_08_05,WuHan,dl\data\extracted\SAR_1024\WuHan_03_01_08_05_SAR_280.tif,dl\data\extracted\OPT_1024\WuHan_03_01_08_05_Optical_280.tif,dl\data\extracted\LAB_1024\WuHan_03_01_08_05_Label_280.tif,train
281,WuHan_03_01_08_06,WuHan,dl\data\extracted\SAR_1024\WuHan_03_01_08_06_SAR_281.tif,dl\data\extracted\OPT_1024\WuHan_03_01_08_06_Optical_281.tif,dl\data\extracted\LAB_1024\WuHan_03_01_08_06_Label_281.tif,train
282,WuHan_03_01_08_07,WuHan,dl\data\extracted\SAR_1024\WuHan_03_01_08_07_SAR_282.tif,dl\data\extracted\OPT_1024\WuHan_03_01_08_07_Optical_282.tif,dl\data\extracted\LAB_1024\WuHan_03_01_08_07_Label_282.tif,train
283,WuHan_03_01_08_08,WuHan,dl\data\extracted\SAR_1024\WuHan_03_01_08_08_SAR_283.tif,dl\data\extracted\OPT_1024\WuHan_03_01_08_08_Optical_283.tif,dl\data\extracted\LAB_1024\WuHan_03_01_08_08_Label_283.tif,train
284,WuHan_03_01_08_09,WuHan,dl\data\extracted\SAR_1024\WuHan_03_01_08_09_SAR_284.tif,dl\data\extracted\OPT_1024\WuHan_03_01_08_09_Optical_284.tif,dl\data\extracted\LAB_1024\WuHan_03_01_08_09_Label_284.tif,train
285,WuHan_03_01_09_01,WuHan,dl\data\extracted\SAR_1024\WuHan_03_01_09_01_SAR_285.tif,dl\data\extracted\OPT_1024\WuHan_03_01_09_01_Optical_285.tif,dl\data\extracted\LAB_1024\WuHan_03_01_09_01_Label_285.tif,train
286,WuHan_03_01_09_02,WuHan,dl\data\extracted\SAR_1024\WuHan_03_01_09_02_SAR_286.tif,dl\data\extracted\OPT_1024\WuHan_03_01_09_02_Optical_286.tif,dl\data\extracted\LAB_1024\WuHan_03_01_09_02_Label_286.tif,train
287,WuHan_03_01_09_03,WuHan,dl\data\extracted\SAR_1024\WuHan_03_01_09_03_SAR_287.tif,dl\data\extracted\OPT_1024\WuHan_03_01_09_03_Optical_287.tif,dl\data\extracted\LAB_1024\WuHan_03_01_09_03_Label_287.tif,train
288,WuHan_03_01_09_04,WuHan,dl\data\extracted\SAR_1024\WuHan_03_01_09_04_SAR_288.tif,dl\data\extracted\OPT_1024\WuHan_03_01_09_04_Optical_288.tif,dl\data\extracted\LAB_1024\WuHan_03_01_09_04_Label_288.tif,train
289,WuHan_03_01_09_05,WuHan,dl\data\extracted\SAR_1024\WuHan_03_01_09_05_SAR_289.tif,dl\data\extracted\OPT_1024\WuHan_03_01_09_05_Optical_289.tif,dl\data\extracted\LAB_1024\WuHan_03_01_09_05_Label_289.tif,train
290,WuHan_03_01_09_06,WuHan,dl\data\extracted\SAR_1024\WuHan_03_01_09_06_SAR_290.tif,dl\data\extracted\OPT_1024\WuHan_03_01_09_06_Optical_290.tif,dl\data\extracted\LAB_1024\WuHan_03_01_09_06_Label_290.tif,train
291,WuHan_03_01_09_07,WuHan,dl\data\extracted\SAR_1024\WuHan_03_01_09_07_SAR_291.tif,dl\data\extracted\OPT_1024\WuHan_03_01_09_07_Optical_291.tif,dl\data\extracted\LAB_1024\WuHan_03_01_09_07_Label_291.tif,train
292,WuHan_03_01_09_08,WuHan,dl\data\extracted\SAR_1024\WuHan_03_01_09_08_SAR_292.tif,dl\data\extracted\OPT_1024\WuHan_03_01_09_08_Optical_292.tif,dl\data\extracted\LAB_1024\WuHan_03_01_09_08_Label_292.tif,train
293,WuHan_03_01_09_09,WuHan,dl\data\extracted\SAR_1024\WuHan_03_01_09_09_SAR_293.tif,dl\data\extracted\OPT_1024\WuHan_03_01_09_09_Optical_293.tif,dl\data\extracted\LAB_1024\WuHan_03_01_09_09_Label_293.tif,train
294,WuHan_03_01_10_01,WuHan,dl\data\extracted\SAR_1024\WuHan_03_01_10_01_SAR_294.tif,dl\data\extracted\OPT_1024\WuHan_03_01_10_01_Optical_294.tif,dl\data\extracted\LAB_1024\WuHan_03_01_10_01_Label_294.tif,train
295,WuHan_03_01_10_02,WuHan,dl\data\extracted\SAR_1024\WuHan_03_01_10_02_SAR_295.tif,dl\data\extracted\OPT_1024\WuHan_03_01_10_02_Optical_295.tif,dl\data\extracted\LAB_1024\WuHan_03_01_10_02_Label_295.tif,train
296,WuHan_03_01_10_03,WuHan,dl\data\extracted\SAR_1024\WuHan_03_01_10_03_SAR_296.tif,dl\data\extracted\OPT_1024\WuHan_03_01_10_03_Optical_296.tif,dl\data\extracted\LAB_1024\WuHan_03_01_10_03_Label_296.tif,train
297,WuHan_03_01_10_04,WuHan,dl\data\extracted\SAR_1024\WuHan_03_01_10_04_SAR_297.tif,dl\data\extracted\OPT_1024\WuHan_03_01_10_04_Optical_297.tif,dl\data\extracted\LAB_1024\WuHan_03_01_10_04_Label_297.tif,train
298,WuHan_03_01_10_05,WuHan,dl\data\extracted\SAR_1024\WuHan_03_01_10_05_SAR_298.tif,dl\data\extracted\OPT_1024\WuHan_03_01_10_05_Optical_298.tif,dl\data\extracted\LAB_1024\WuHan_03_01_10_05_Label_298.tif,train
299,WuHan_03_01_10_06,WuHan,dl\data\extracted\SAR_1024\WuHan_03_01_10_06_SAR_299.tif,dl\data\extracted\OPT_1024\WuHan_03_01_10_06_Optical_299.tif,dl\data\extracted\LAB_1024\WuHan_03_01_10_06_Label_299.tif,train
300,WuHan_03_01_10_07,WuHan,dl\data\extracted\SAR_1024\WuHan_03_01_10_07_SAR_300.tif,dl\data\extracted\OPT_1024\WuHan_03_01_10_07_Optical_300.tif,dl\data\extracted\LAB_1024\WuHan_03_01_10_07_Label_300.tif,train
301,WuHan_03_01_10_08,WuHan,dl\data\extracted\SAR_1024\WuHan_03_01_10_08_SAR_301.tif,dl\data\extracted\OPT_1024\WuHan_03_01_10_08_Optical_301.tif,dl\data\extracted\LAB_1024\WuHan_03_01_10_08_Label_301.tif,train
302,WuHan_03_01_10_09,WuHan,dl\data\extracted\SAR_1024\WuHan_03_01_10_09_SAR_302.tif,dl\data\extracted\OPT_1024\WuHan_03_01_10_09_Optical_302.tif,dl\data\extracted\LAB_1024\WuHan_03_01_10_09_Label_302.tif,train
303,WuHan_03_02_01_01,WuHan,dl\data\extracted\SAR_1024\WuHan_03_02_01_01_SAR_303.tif,dl\data\extracted\OPT_1024\WuHan_03_02_01_01_Optical_303.tif,dl\data\extracted\LAB_1024\WuHan_03_02_01_01_Label_303.tif,train
304,WuHan_03_02_01_02,WuHan,dl\data\extracted\SAR_1024\WuHan_03_02_01_02_SAR_304.tif,dl\data\extracted\OPT_1024\WuHan_03_02_01_02_Optical_304.tif,dl\data\extracted\LAB_1024\WuHan_03_02_01_02_Label_304.tif,train
305,WuHan_03_02_01_03,WuHan,dl\data\extracted\SAR_1024\WuHan_03_02_01_03_SAR_305.tif,dl\data\extracted\OPT_1024\WuHan_03_02_01_03_Optical_305.tif,dl\data\extracted\LAB_1024\WuHan_03_02_01_03_Label_305.tif,train
306,WuHan_03_02_01_04,WuHan,dl\data\extracted\SAR_1024\WuHan_03_02_01_04_SAR_306.tif,dl\data\extracted\OPT_1024\WuHan_03_02_01_04_Optical_306.tif,dl\data\extracted\LAB_1024\WuHan_03_02_01_04_Label_306.tif,train
307,WuHan_03_02_01_05,WuHan,dl\data\extracted\SAR_1024\WuHan_03_02_01_05_SAR_307.tif,dl\data\extracted\OPT_1024\WuHan_03_02_01_05_Optical_307.tif,dl\data\extracted\LAB_1024\WuHan_03_02_01_05_Label_307.tif,train
308,WuHan_03_02_01_06,WuHan,dl\data\extracted\SAR_1024\WuHan_03_02_01_06_SAR_308.tif,dl\data\extracted\OPT_1024\WuHan_03_02_01_06_Optical_308.tif,dl\data\extracted\LAB_1024\WuHan_03_02_01_06_Label_308.tif,train
309,WuHan_03_02_01_07,WuHan,dl\data\extracted\SAR_1024\WuHan_03_02_01_07_SAR_309.tif,dl\data\extracted\OPT_1024\WuHan_03_02_01_07_Optical_309.tif,dl\data\extracted\LAB_1024\WuHan_03_02_01_07_Label_309.tif,train
310,WuHan_03_02_01_08,WuHan,dl\data\extracted\SAR_1024\WuHan_03_02_01_08_SAR_310.tif,dl\data\extracted\OPT_1024\WuHan_03_02_01_08_Optical_310.tif,dl\data\extracted\LAB_1024\WuHan_03_02_01_08_Label_310.tif,train
311,WuHan_03_02_01_09,WuHan,dl\data\extracted\SAR_1024\WuHan_03_02_01_09_SAR_311.tif,dl\data\extracted\OPT_1024\WuHan_03_02_01_09_Optical_311.tif,dl\data\extracted\LAB_1024\WuHan_03_02_01_09_Label_311.tif,train
312,WuHan_03_02_01_10,WuHan,dl\data\extracted\SAR_1024\WuHan_03_02_01_10_SAR_312.tif,dl\data\extracted\OPT_1024\WuHan_03_02_01_10_Optical_312.tif,dl\data\extracted\LAB_1024\WuHan_03_02_01_10_Label_312.tif,train
313,WuHan_03_02_02_01,WuHan,dl\data\extracted\SAR_1024\WuHan_03_02_02_01_SAR_313.tif,dl\data\extracted\OPT_1024\WuHan_03_02_02_01_Optical_313.tif,dl\data\extracted\LAB_1024\WuHan_03_02_02_01_Label_313.tif,train
314,WuHan_03_02_02_02,WuHan,dl\data\extracted\SAR_1024\WuHan_03_02_02_02_SAR_314.tif,dl\data\extracted\OPT_1024\WuHan_03_02_02_02_Optical_314.tif,dl\data\extracted\LAB_1024\WuHan_03_02_02_02_Label_314.tif,train
315,WuHan_03_02_02_03,WuHan,dl\data\extracted\SAR_1024\WuHan_03_02_02_03_SAR_315.tif,dl\data\extracted\OPT_1024\WuHan_03_02_02_03_Optical_315.tif,dl\data\extracted\LAB_1024\WuHan_03_02_02_03_Label_315.tif,train
316,WuHan_03_02_02_04,WuHan,dl\data\extracted\SAR_1024\WuHan_03_02_02_04_SAR_316.tif,dl\data\extracted\OPT_1024\WuHan_03_02_02_04_Optical_316.tif,dl\data\extracted\LAB_1024\WuHan_03_02_02_04_Label_316.tif,train
317,WuHan_03_02_02_05,WuHan,dl\data\extracted\SAR_1024\WuHan_03_02_02_05_SAR_317.tif,dl\data\extracted\OPT_1024\WuHan_03_02_02_05_Optical_317.tif,dl\data\extracted\LAB_1024\WuHan_03_02_02_05_Label_317.tif,train
318,WuHan_03_02_02_06,WuHan,dl\data\extracted\SAR_1024\WuHan_03_02_02_06_SAR_318.tif,dl\data\extracted\OPT_1024\WuHan_03_02_02_06_Optical_318.tif,dl\data\extracted\LAB_1024\WuHan_03_02_02_06_Label_318.tif,train
319,WuHan_03_02_02_07,WuHan,dl\data\extracted\SAR_1024\WuHan_03_02_02_07_SAR_319.tif,dl\data\extracted\OPT_1024\WuHan_03_02_02_07_Optical_319.tif,dl\data\extracted\LAB_1024\WuHan_03_02_02_07_Label_319.tif,train
320,WuHan_03_02_02_08,WuHan,dl\data\extracted\SAR_1024\WuHan_03_02_02_08_SAR_320.tif,dl\data\extracted\OPT_1024\WuHan_03_02_02_08_Optical_320.tif,dl\data\extracted\LAB_1024\WuHan_03_02_02_08_Label_320.tif,train
321,WuHan_03_02_02_09,WuHan,dl\data\extracted\SAR_1024\WuHan_03_02_02_09_SAR_321.tif,dl\data\extracted\OPT_1024\WuHan_03_02_02_09_Optical_321.tif,dl\data\extracted\LAB_1024\WuHan_03_02_02_09_Label_321.tif,train
322,WuHan_03_02_02_10,WuHan,dl\data\extracted\SAR_1024\WuHan_03_02_02_10_SAR_322.tif,dl\data\extracted\OPT_1024\WuHan_03_02_02_10_Optical_322.tif,dl\data\extracted\LAB_1024\WuHan_03_02_02_10_Label_322.tif,train
323,WuHan_03_02_03_01,WuHan,dl\data\extracted\SAR_1024\WuHan_03_02_03_01_SAR_323.tif,dl\data\extracted\OPT_1024\WuHan_03_02_03_01_Optical_323.tif,dl\data\extracted\LAB_1024\WuHan_03_02_03_01_Label_323.tif,train
324,WuHan_03_02_03_02,WuHan,dl\data\extracted\SAR_1024\WuHan_03_02_03_02_SAR_324.tif,dl\data\extracted\OPT_1024\WuHan_03_02_03_02_Optical_324.tif,dl\data\extracted\LAB_1024\WuHan_03_02_03_02_Label_324.tif,train
325,WuHan_03_02_03_03,WuHan,dl\data\extracted\SAR_1024\WuHan_03_02_03_03_SAR_325.tif,dl\data\extracted\OPT_1024\WuHan_03_02_03_03_Optical_325.tif,dl\data\extracted\LAB_1024\WuHan_03_02_03_03_Label_325.tif,train
326,WuHan_03_02_03_04,WuHan,dl\data\extracted\SAR_1024\WuHan_03_02_03_04_SAR_326.tif,dl\data\extracted\OPT_1024\WuHan_03_02_03_04_Optical_326.tif,dl\data\extracted\LAB_1024\WuHan_03_02_03_04_Label_326.tif,train
327,WuHan_03_02_03_05,WuHan,dl\data\extracted\SAR_1024\WuHan_03_02_03_05_SAR_327.tif,dl\data\extracted\OPT_1024\WuHan_03_02_03_05_Optical_327.tif,dl\data\extracted\LAB_1024\WuHan_03_02_03_05_Label_327.tif,train
328,WuHan_03_02_03_06,WuHan,dl\data\extracted\SAR_1024\WuHan_03_02_03_06_SAR_328.tif,dl\data\extracted\OPT_1024\WuHan_03_02_03_06_Optical_328.tif,dl\data\extracted\LAB_1024\WuHan_03_02_03_06_Label_328.tif,train
329,WuHan_03_02_03_07,WuHan,dl\data\extracted\SAR_1024\WuHan_03_02_03_07_SAR_329.tif,dl\data\extracted\OPT_1024\WuHan_03_02_03_07_Optical_329.tif,dl\data\extracted\LAB_1024\WuHan_03_02_03_07_Label_329.tif,train
330,WuHan_03_02_03_08,WuHan,dl\data\extracted\SAR_1024\WuHan_03_02_03_08_SAR_330.tif,dl\data\extracted\OPT_1024\WuHan_03_02_03_08_Optical_330.tif,dl\data\extracted\LAB_1024\WuHan_03_02_03_08_Label_330.tif,train
331,WuHan_03_02_03_09,WuHan,dl\data\extracted\SAR_1024\WuHan_03_02_03_09_SAR_331.tif,dl\data\extracted\OPT_1024\WuHan_03_02_03_09_Optical_331.tif,dl\data\extracted\LAB_1024\WuHan_03_02_03_09_Label_331.tif,train
332,WuHan_03_02_03_10,WuHan,dl\data\extracted\SAR_1024\WuHan_03_02_03_10_SAR_332.tif,dl\data\extracted\OPT_1024\WuHan_03_02_03_10_Optical_332.tif,dl\data\extracted\LAB_1024\WuHan_03_02_03_10_Label_332.tif,train
333,WuHan_03_02_04_01,WuHan,dl\data\extracted\SAR_1024\WuHan_03_02_04_01_SAR_333.tif,dl\data\extracted\OPT_1024\WuHan_03_02_04_01_Optical_333.tif,dl\data\extracted\LAB_1024\WuHan_03_02_04_01_Label_333.tif,train
334,WuHan_03_02_04_02,WuHan,dl\data\extracted\SAR_1024\WuHan_03_02_04_02_SAR_334.tif,dl\data\extracted\OPT_1024\WuHan_03_02_04_02_Optical_334.tif,dl\data\extracted\LAB_1024\WuHan_03_02_04_02_Label_334.tif,train
335,WuHan_03_02_04_03,WuHan,dl\data\extracted\SAR_1024\WuHan_03_02_04_03_SAR_335.tif,dl\data\extracted\OPT_1024\WuHan_03_02_04_03_Optical_335.tif,dl\data\extracted\LAB_1024\WuHan_03_02_04_03_Label_335.tif,train
336,WuHan_03_02_04_04,WuHan,dl\data\extracted\SAR_1024\WuHan_03_02_04_04_SAR_336.tif,dl\data\extracted\OPT_1024\WuHan_03_02_04_04_Optical_336.tif,dl\data\extracted\LAB_1024\WuHan_03_02_04_04_Label_336.tif,train
337,WuHan_03_02_04_05,WuHan,dl\data\extracted\SAR_1024\WuHan_03_02_04_05_SAR_337.tif,dl\data\extracted\OPT_1024\WuHan_03_02_04_05_Optical_337.tif,dl\data\extracted\LAB_1024\WuHan_03_02_04_05_Label_337.tif,train
338,WuHan_03_02_04_06,WuHan,dl\data\extracted\SAR_1024\WuHan_03_02_04_06_SAR_338.tif,dl\data\extracted\OPT_1024\WuHan_03_02_04_06_Optical_338.tif,dl\data\extracted\LAB_1024\WuHan_03_02_04_06_Label_338.tif,train
339,WuHan_03_02_04_07,WuHan,dl\data\extracted\SAR_1024\WuHan_03_02_04_07_SAR_339.tif,dl\data\extracted\OPT_1024\WuHan_03_02_04_07_Optical_339.tif,dl\data\extracted\LAB_1024\WuHan_03_02_04_07_Label_339.tif,train
340,WuHan_03_02_04_08,WuHan,dl\data\extracted\SAR_1024\WuHan_03_02_04_08_SAR_340.tif,dl\data\extracted\OPT_1024\WuHan_03_02_04_08_Optical_340.tif,dl\data\extracted\LAB_1024\WuHan_03_02_04_08_Label_340.tif,train
341,WuHan_03_02_04_09,WuHan,dl\data\extracted\SAR_1024\WuHan_03_02_04_09_SAR_341.tif,dl\data\extracted\OPT_1024\WuHan_03_02_04_09_Optical_341.tif,dl\data\extracted\LAB_1024\WuHan_03_02_04_09_Label_341.tif,train
342,WuHan_03_02_04_10,WuHan,dl\data\extracted\SAR_1024\WuHan_03_02_04_10_SAR_342.tif,dl\data\extracted\OPT_1024\WuHan_03_02_04_10_Optical_342.tif,dl\data\extracted\LAB_1024\WuHan_03_02_04_10_Label_342.tif,train
343,WuHan_03_02_05_01,WuHan,dl\data\extracted\SAR_1024\WuHan_03_02_05_01_SAR_343.tif,dl\data\extracted\OPT_1024\WuHan_03_02_05_01_Optical_343.tif,dl\data\extracted\LAB_1024\WuHan_03_02_05_01_Label_343.tif,train
344,WuHan_03_02_05_02,WuHan,dl\data\extracted\SAR_1024\WuHan_03_02_05_02_SAR_344.tif,dl\data\extracted\OPT_1024\WuHan_03_02_05_02_Optical_344.tif,dl\data\extracted\LAB_1024\WuHan_03_02_05_02_Label_344.tif,train
345,WuHan_03_02_05_03,WuHan,dl\data\extracted\SAR_1024\WuHan_03_02_05_03_SAR_345.tif,dl\data\extracted\OPT_1024\WuHan_03_02_05_03_Optical_345.tif,dl\data\extracted\LAB_1024\WuHan_03_02_05_03_Label_345.tif,train
346,WuHan_03_02_05_04,WuHan,dl\data\extracted\SAR_1024\WuHan_03_02_05_04_SAR_346.tif,dl\data\extracted\OPT_1024\WuHan_03_02_05_04_Optical_346.tif,dl\data\extracted\LAB_1024\WuHan_03_02_05_04_Label_346.tif,train
347,WuHan_03_02_05_05,WuHan,dl\data\extracted\SAR_1024\WuHan_03_02_05_05_SAR_347.tif,dl\data\extracted\OPT_1024\WuHan_03_02_05_05_Optical_347.tif,dl\data\extracted\LAB_1024\WuHan_03_02_05_05_Label_347.tif,train
348,WuHan_03_02_05_06,WuHan,dl\data\extracted\SAR_1024\WuHan_03_02_05_06_SAR_348.tif,dl\data\extracted\OPT_1024\WuHan_03_02_05_06_Optical_348.tif,dl\data\extracted\LAB_1024\WuHan_03_02_05_06_Label_348.tif,train
349,WuHan_03_02_05_07,WuHan,dl\data\extracted\SAR_1024\WuHan_03_02_05_07_SAR_349.tif,dl\data\extracted\OPT_1024\WuHan_03_02_05_07_Optical_349.tif,dl\data\extracted\LAB_1024\WuHan_03_02_05_07_Label_349.tif,train
350,WuHan_03_02_05_08,WuHan,dl\data\extracted\SAR_1024\WuHan_03_02_05_08_SAR_350.tif,dl\data\extracted\OPT_1024\WuHan_03_02_05_08_Optical_350.tif,dl\data\extracted\LAB_1024\WuHan_03_02_05_08_Label_350.tif,train
351,WuHan_03_02_05_09,WuHan,dl\data\extracted\SAR_1024\WuHan_03_02_05_09_SAR_351.tif,dl\data\extracted\OPT_1024\WuHan_03_02_05_09_Optical_351.tif,dl\data\extracted\LAB_1024\WuHan_03_02_05_09_Label_351.tif,train
352,WuHan_03_02_05_10,WuHan,dl\data\extracted\SAR_1024\WuHan_03_02_05_10_SAR_352.tif,dl\data\extracted\OPT_1024\WuHan_03_02_05_10_Optical_352.tif,dl\data\extracted\LAB_1024\WuHan_03_02_05_10_Label_352.tif,train
353,WuHan_03_02_06_01,WuHan,dl\data\extracted\SAR_1024\WuHan_03_02_06_01_SAR_353.tif,dl\data\extracted\OPT_1024\WuHan_03_02_06_01_Optical_353.tif,dl\data\extracted\LAB_1024\WuHan_03_02_06_01_Label_353.tif,train
354,WuHan_03_02_06_02,WuHan,dl\data\extracted\SAR_1024\WuHan_03_02_06_02_SAR_354.tif,dl\data\extracted\OPT_1024\WuHan_03_02_06_02_Optical_354.tif,dl\data\extracted\LAB_1024\WuHan_03_02_06_02_Label_354.tif,train
355,WuHan_03_02_06_03,WuHan,dl\data\extracted\SAR_1024\WuHan_03_02_06_03_SAR_355.tif,dl\data\extracted\OPT_1024\WuHan_03_02_06_03_Optical_355.tif,dl\data\extracted\LAB_1024\WuHan_03_02_06_03_Label_355.tif,train
356,WuHan_03_02_06_04,WuHan,dl\data\extracted\SAR_1024\WuHan_03_02_06_04_SAR_356.tif,dl\data\extracted\OPT_1024\WuHan_03_02_06_04_Optical_356.tif,dl\data\extracted\LAB_1024\WuHan_03_02_06_04_Label_356.tif,train
357,WuHan_03_02_06_05,WuHan,dl\data\extracted\SAR_1024\WuHan_03_02_06_05_SAR_357.tif,dl\data\extracted\OPT_1024\WuHan_03_02_06_05_Optical_357.tif,dl\data\extracted\LAB_1024\WuHan_03_02_06_05_Label_357.tif,train
358,WuHan_03_02_06_06,WuHan,dl\data\extracted\SAR_1024\WuHan_03_02_06_06_SAR_358.tif,dl\data\extracted\OPT_1024\WuHan_03_02_06_06_Optical_358.tif,dl\data\extracted\LAB_1024\WuHan_03_02_06_06_Label_358.tif,train
359,WuHan_03_02_06_07,WuHan,dl\data\extracted\SAR_1024\WuHan_03_02_06_07_SAR_359.tif,dl\data\extracted\OPT_1024\WuHan_03_02_06_07_Optical_359.tif,dl\data\extracted\LAB_1024\WuHan_03_02_06_07_Label_359.tif,train
360,WuHan_03_02_06_08,WuHan,dl\data\extracted\SAR_1024\WuHan_03_02_06_08_SAR_360.tif,dl\data\extracted\OPT_1024\WuHan_03_02_06_08_Optical_360.tif,dl\data\extracted\LAB_1024\WuHan_03_02_06_08_Label_360.tif,train
361,WuHan_03_02_06_09,WuHan,dl\data\extracted\SAR_1024\WuHan_03_02_06_09_SAR_361.tif,dl\data\extracted\OPT_1024\WuHan_03_02_06_09_Optical_361.tif,dl\data\extracted\LAB_1024\WuHan_03_02_06_09_Label_361.tif,train
362,WuHan_03_02_06_10,WuHan,dl\data\extracted\SAR_1024\WuHan_03_02_06_10_SAR_362.tif,dl\data\extracted\OPT_1024\WuHan_03_02_06_10_Optical_362.tif,dl\data\extracted\LAB_1024\WuHan_03_02_06_10_Label_362.tif,train
363,WuHan_03_02_07_01,WuHan,dl\data\extracted\SAR_1024\WuHan_03_02_07_01_SAR_363.tif,dl\data\extracted\OPT_1024\WuHan_03_02_07_01_Optical_363.tif,dl\data\extracted\LAB_1024\WuHan_03_02_07_01_Label_363.tif,train
364,WuHan_03_02_07_02,WuHan,dl\data\extracted\SAR_1024\WuHan_03_02_07_02_SAR_364.tif,dl\data\extracted\OPT_1024\WuHan_03_02_07_02_Optical_364.tif,dl\data\extracted\LAB_1024\WuHan_03_02_07_02_Label_364.tif,train
365,WuHan_03_02_07_03,WuHan,dl\data\extracted\SAR_1024\WuHan_03_02_07_03_SAR_365.tif,dl\data\extracted\OPT_1024\WuHan_03_02_07_03_Optical_365.tif,dl\data\extracted\LAB_1024\WuHan_03_02_07_03_Label_365.tif,train
366,WuHan_03_02_07_04,WuHan,dl\data\extracted\SAR_1024\WuHan_03_02_07_04_SAR_366.tif,dl\data\extracted\OPT_1024\WuHan_03_02_07_04_Optical_366.tif,dl\data\extracted\LAB_1024\WuHan_03_02_07_04_Label_366.tif,train
367,WuHan_03_02_07_05,WuHan,dl\data\extracted\SAR_1024\WuHan_03_02_07_05_SAR_367.tif,dl\data\extracted\OPT_1024\WuHan_03_02_07_05_Optical_367.tif,dl\data\extracted\LAB_1024\WuHan_03_02_07_05_Label_367.tif,train
368,WuHan_03_02_07_06,WuHan,dl\data\extracted\SAR_1024\WuHan_03_02_07_06_SAR_368.tif,dl\data\extracted\OPT_1024\WuHan_03_02_07_06_Optical_368.tif,dl\data\extracted\LAB_1024\WuHan_03_02_07_06_Label_368.tif,train
369,WuHan_03_02_07_07,WuHan,dl\data\extracted\SAR_1024\WuHan_03_02_07_07_SAR_369.tif,dl\data\extracted\OPT_1024\WuHan_03_02_07_07_Optical_369.tif,dl\data\extracted\LAB_1024\WuHan_03_02_07_07_Label_369.tif,train
370,WuHan_03_02_07_08,WuHan,dl\data\extracted\SAR_1024\WuHan_03_02_07_08_SAR_370.tif,dl\data\extracted\OPT_1024\WuHan_03_02_07_08_Optical_370.tif,dl\data\extracted\LAB_1024\WuHan_03_02_07_08_Label_370.tif,train
371,WuHan_03_02_07_09,WuHan,dl\data\extracted\SAR_1024\WuHan_03_02_07_09_SAR_371.tif,dl\data\extracted\OPT_1024\WuHan_03_02_07_09_Optical_371.tif,dl\data\extracted\LAB_1024\WuHan_03_02_07_09_Label_371.tif,train
372,WuHan_03_02_07_10,WuHan,dl\data\extracted\SAR_1024\WuHan_03_02_07_10_SAR_372.tif,dl\data\extracted\OPT_1024\WuHan_03_02_07_10_Optical_372.tif,dl\data\extracted\LAB_1024\WuHan_03_02_07_10_Label_372.tif,train
373,WuHan_03_02_08_01,WuHan,dl\data\extracted\SAR_1024\WuHan_03_02_08_01_SAR_373.tif,dl\data\extracted\OPT_1024\WuHan_03_02_08_01_Optical_373.tif,dl\data\extracted\LAB_1024\WuHan_03_02_08_01_Label_373.tif,train
374,WuHan_03_02_08_02,WuHan,dl\data\extracted\SAR_1024\WuHan_03_02_08_02_SAR_374.tif,dl\data\extracted\OPT_1024\WuHan_03_02_08_02_Optical_374.tif,dl\data\extracted\LAB_1024\WuHan_03_02_08_02_Label_374.tif,train
375,WuHan_03_02_08_03,WuHan,dl\data\extracted\SAR_1024\WuHan_03_02_08_03_SAR_375.tif,dl\data\extracted\OPT_1024\WuHan_03_02_08_03_Optical_375.tif,dl\data\extracted\LAB_1024\WuHan_03_02_08_03_Label_375.tif,train
376,WuHan_03_02_08_04,WuHan,dl\data\extracted\SAR_1024\WuHan_03_02_08_04_SAR_376.tif,dl\data\extracted\OPT_1024\WuHan_03_02_08_04_Optical_376.tif,dl\data\extracted\LAB_1024\WuHan_03_02_08_04_Label_376.tif,train
377,WuHan_03_02_08_05,WuHan,dl\data\extracted\SAR_1024\WuHan_03_02_08_05_SAR_377.tif,dl\data\extracted\OPT_1024\WuHan_03_02_08_05_Optical_377.tif,dl\data\extracted\LAB_1024\WuHan_03_02_08_05_Label_377.tif,train
378,WuHan_03_02_08_06,WuHan,dl\data\extracted\SAR_1024\WuHan_03_02_08_06_SAR_378.tif,dl\data\extracted\OPT_1024\WuHan_03_02_08_06_Optical_378.tif,dl\data\extracted\LAB_1024\WuHan_03_02_08_06_Label_378.tif,train
379,WuHan_03_02_08_07,WuHan,dl\data\extracted\SAR_1024\WuHan_03_02_08_07_SAR_379.tif,dl\data\extracted\OPT_1024\WuHan_03_02_08_07_Optical_379.tif,dl\data\extracted\LAB_1024\WuHan_03_02_08_07_Label_379.tif,train
380,WuHan_03_02_08_08,WuHan,dl\data\extracted\SAR_1024\WuHan_03_02_08_08_SAR_380.tif,dl\data\extracted\OPT_1024\WuHan_03_02_08_08_Optical_380.tif,dl\data\extracted\LAB_1024\WuHan_03_02_08_08_Label_380.tif,train
381,WuHan_03_02_08_09,WuHan,dl\data\extracted\SAR_1024\WuHan_03_02_08_09_SAR_381.tif,dl\data\extracted\OPT_1024\WuHan_03_02_08_09_Optical_381.tif,dl\data\extracted\LAB_1024\WuHan_03_02_08_09_Label_381.tif,train
382,WuHan_03_02_08_10,WuHan,dl\data\extracted\SAR_1024\WuHan_03_02_08_10_SAR_382.tif,dl\data\extracted\OPT_1024\WuHan_03_02_08_10_Optical_382.tif,dl\data\extracted\LAB_1024\WuHan_03_02_08_10_Label_382.tif,train
383,TaiZhou_04_01_01_01,TaiZhou,dl\data\extracted\SAR_1024\TaiZhou_04_01_01_01_SAR_383.tif,dl\data\extracted\OPT_1024\TaiZhou_04_01_01_01_Optical_383.tif,dl\data\extracted\LAB_1024\TaiZhou_04_01_01_01_Label_383.tif,train
384,TaiZhou_04_01_01_02,TaiZhou,dl\data\extracted\SAR_1024\TaiZhou_04_01_01_02_SAR_384.tif,dl\data\extracted\OPT_1024\TaiZhou_04_01_01_02_Optical_384.tif,dl\data\extracted\LAB_1024\TaiZhou_04_01_01_02_Label_384.tif,train
385,TaiZhou_04_01_01_03,TaiZhou,dl\data\extracted\SAR_1024\TaiZhou_04_01_01_03_SAR_385.tif,dl\data\extracted\OPT_1024\TaiZhou_04_01_01_03_Optical_385.tif,dl\data\extracted\LAB_1024\TaiZhou_04_01_01_03_Label_385.tif,train
386,TaiZhou_04_01_01_04,TaiZhou,dl\data\extracted\SAR_1024\TaiZhou_04_01_01_04_SAR_386.tif,dl\data\extracted\OPT_1024\TaiZhou_04_01_01_04_Optical_386.tif,dl\data\extracted\LAB_1024\TaiZhou_04_01_01_04_Label_386.tif,train
387,TaiZhou_04_01_01_05,TaiZhou,dl\data\extracted\SAR_1024\TaiZhou_04_01_01_05_SAR_387.tif,dl\data\extracted\OPT_1024\TaiZhou_04_01_01_05_Optical_387.tif,dl\data\extracted\LAB_1024\TaiZhou_04_01_01_05_Label_387.tif,train
388,TaiZhou_04_01_01_06,TaiZhou,dl\data\extracted\SAR_1024\TaiZhou_04_01_01_06_SAR_388.tif,dl\data\extracted\OPT_1024\TaiZhou_04_01_01_06_Optical_388.tif,dl\data\extracted\LAB_1024\TaiZhou_04_01_01_06_Label_388.tif,train
389,TaiZhou_04_01_02_01,TaiZhou,dl\data\extracted\SAR_1024\TaiZhou_04_01_02_01_SAR_389.tif,dl\data\extracted\OPT_1024\TaiZhou_04_01_02_01_Optical_389.tif,dl\data\extracted\LAB_1024\TaiZhou_04_01_02_01_Label_389.tif,train
390,TaiZhou_04_01_02_02,TaiZhou,dl\data\extracted\SAR_1024\TaiZhou_04_01_02_02_SAR_390.tif,dl\data\extracted\OPT_1024\TaiZhou_04_01_02_02_Optical_390.tif,dl\data\extracted\LAB_1024\TaiZhou_04_01_02_02_Label_390.tif,train
391,TaiZhou_04_01_02_03,TaiZhou,dl\data\extracted\SAR_1024\TaiZhou_04_01_02_03_SAR_391.tif,dl\data\extracted\OPT_1024\TaiZhou_04_01_02_03_Optical_391.tif,dl\data\extracted\LAB_1024\TaiZhou_04_01_02_03_Label_391.tif,train
392,TaiZhou_04_01_02_04,TaiZhou,dl\data\extracted\SAR_1024\TaiZhou_04_01_02_04_SAR_392.tif,dl\data\extracted\OPT_1024\TaiZhou_04_01_02_04_Optical_392.tif,dl\data\extracted\LAB_1024\TaiZhou_04_01_02_04_Label_392.tif,train
393,TaiZhou_04_01_02_05,TaiZhou,dl\data\extracted\SAR_1024\TaiZhou_04_01_02_05_SAR_393.tif,dl\data\extracted\OPT_1024\TaiZhou_04_01_02_05_Optical_393.tif,dl\data\extracted\LAB_1024\TaiZhou_04_01_02_05_Label_393.tif,train
394,TaiZhou_04_01_02_06,TaiZhou,dl\data\extracted\SAR_1024\TaiZhou_04_01_02_06_SAR_394.tif,dl\data\extracted\OPT_1024\TaiZhou_04_01_02_06_Optical_394.tif,dl\data\extracted\LAB_1024\TaiZhou_04_01_02_06_Label_394.tif,train
395,TaiZhou_04_01_03_01,TaiZhou,dl\data\extracted\SAR_1024\TaiZhou_04_01_03_01_SAR_395.tif,dl\data\extracted\OPT_1024\TaiZhou_04_01_03_01_Optical_395.tif,dl\data\extracted\LAB_1024\TaiZhou_04_01_03_01_Label_395.tif,train
396,TaiZhou_04_01_03_02,TaiZhou,dl\data\extracted\SAR_1024\TaiZhou_04_01_03_02_SAR_396.tif,dl\data\extracted\OPT_1024\TaiZhou_04_01_03_02_Optical_396.tif,dl\data\extracted\LAB_1024\TaiZhou_04_01_03_02_Label_396.tif,train
397,TaiZhou_04_01_03_03,TaiZhou,dl\data\extracted\SAR_1024\TaiZhou_04_01_03_03_SAR_397.tif,dl\data\extracted\OPT_1024\TaiZhou_04_01_03_03_Optical_397.tif,dl\data\extracted\LAB_1024\TaiZhou_04_01_03_03_Label_397.tif,train
398,TaiZhou_04_01_03_04,TaiZhou,dl\data\extracted\SAR_1024\TaiZhou_04_01_03_04_SAR_398.tif,dl\data\extracted\OPT_1024\TaiZhou_04_01_03_04_Optical_398.tif,dl\data\extracted\LAB_1024\TaiZhou_04_01_03_04_Label_398.tif,train
399,TaiZhou_04_01_03_05,TaiZhou,dl\data\extracted\SAR_1024\TaiZhou_04_01_03_05_SAR_399.tif,dl\data\extracted\OPT_1024\TaiZhou_04_01_03_05_Optical_399.tif,dl\data\extracted\LAB_1024\TaiZhou_04_01_03_05_Label_399.tif,train
400,TaiZhou_04_01_03_06,TaiZhou,dl\data\extracted\SAR_1024\TaiZhou_04_01_03_06_SAR_400.tif,dl\data\extracted\OPT_1024\TaiZhou_04_01_03_06_Optical_400.tif,dl\data\extracted\LAB_1024\TaiZhou_04_01_03_06_Label_400.tif,train
401,TaiZhou_04_01_04_01,TaiZhou,dl\data\extracted\SAR_1024\TaiZhou_04_01_04_01_SAR_401.tif,dl\data\extracted\OPT_1024\TaiZhou_04_01_04_01_Optical_401.tif,dl\data\extracted\LAB_1024\TaiZhou_04_01_04_01_Label_401.tif,train
402,TaiZhou_04_01_04_02,TaiZhou,dl\data\extracted\SAR_1024\TaiZhou_04_01_04_02_SAR_402.tif,dl\data\extracted\OPT_1024\TaiZhou_04_01_04_02_Optical_402.tif,dl\data\extracted\LAB_1024\TaiZhou_04_01_04_02_Label_402.tif,train
403,TaiZhou_04_01_04_03,TaiZhou,dl\data\extracted\SAR_1024\TaiZhou_04_01_04_03_SAR_403.tif,dl\data\extracted\OPT_1024\TaiZhou_04_01_04_03_Optical_403.tif,dl\data\extracted\LAB_1024\TaiZhou_04_01_04_03_Label_403.tif,train
404,TaiZhou_04_01_04_04,TaiZhou,dl\data\extracted\SAR_1024\TaiZhou_04_01_04_04_SAR_404.tif,dl\data\extracted\OPT_1024\TaiZhou_04_01_04_04_Optical_404.tif,dl\data\extracted\LAB_1024\TaiZhou_04_01_04_04_Label_404.tif,train
405,TaiZhou_04_01_04_05,TaiZhou,dl\data\extracted\SAR_1024\TaiZhou_04_01_04_05_SAR_405.tif,dl\data\extracted\OPT_1024\TaiZhou_04_01_04_05_Optical_405.tif,dl\data\extracted\LAB_1024\TaiZhou_04_01_04_05_Label_405.tif,train
406,TaiZhou_04_01_04_06,TaiZhou,dl\data\extracted\SAR_1024\TaiZhou_04_01_04_06_SAR_406.tif,dl\data\extracted\OPT_1024\TaiZhou_04_01_04_06_Optical_406.tif,dl\data\extracted\LAB_1024\TaiZhou_04_01_04_06_Label_406.tif,train
407,TaiZhou_04_01_05_01,TaiZhou,dl\data\extracted\SAR_1024\TaiZhou_04_01_05_01_SAR_407.tif,dl\data\extracted\OPT_1024\TaiZhou_04_01_05_01_Optical_407.tif,dl\data\extracted\LAB_1024\TaiZhou_04_01_05_01_Label_407.tif,train
408,TaiZhou_04_01_05_02,TaiZhou,dl\data\extracted\SAR_1024\TaiZhou_04_01_05_02_SAR_408.tif,dl\data\extracted\OPT_1024\TaiZhou_04_01_05_02_Optical_408.tif,dl\data\extracted\LAB_1024\TaiZhou_04_01_05_02_Label_408.tif,train
409,TaiZhou_04_01_05_03,TaiZhou,dl\data\extracted\SAR_1024\TaiZhou_04_01_05_03_SAR_409.tif,dl\data\extracted\OPT_1024\TaiZhou_04_01_05_03_Optical_409.tif,dl\data\extracted\LAB_1024\TaiZhou_04_01_05_03_Label_409.tif,train
410,TaiZhou_04_01_05_04,TaiZhou,dl\data\extracted\SAR_1024\TaiZhou_04_01_05_04_SAR_410.tif,dl\data\extracted\OPT_1024\TaiZhou_04_01_05_04_Optical_410.tif,dl\data\extracted\LAB_1024\TaiZhou_04_01_05_04_Label_410.tif,train
411,TaiZhou_04_01_05_05,TaiZhou,dl\data\extracted\SAR_1024\TaiZhou_04_01_05_05_SAR_411.tif,dl\data\extracted\OPT_1024\TaiZhou_04_01_05_05_Optical_411.tif,dl\data\extracted\LAB_1024\TaiZhou_04_01_05_05_Label_411.tif,train
412,TaiZhou_04_01_05_06,TaiZhou,dl\data\extracted\SAR_1024\TaiZhou_04_01_05_06_SAR_412.tif,dl\data\extracted\OPT_1024\TaiZhou_04_01_05_06_Optical_412.tif,dl\data\extracted\LAB_1024\TaiZhou_04_01_05_06_Label_412.tif,train
413,TaiZhou_04_01_06_01,TaiZhou,dl\data\extracted\SAR_1024\TaiZhou_04_01_06_01_SAR_413.tif,dl\data\extracted\OPT_1024\TaiZhou_04_01_06_01_Optical_413.tif,dl\data\extracted\LAB_1024\TaiZhou_04_01_06_01_Label_413.tif,train
414,TaiZhou_04_01_06_02,TaiZhou,dl\data\extracted\SAR_1024\TaiZhou_04_01_06_02_SAR_414.tif,dl\data\extracted\OPT_1024\TaiZhou_04_01_06_02_Optical_414.tif,dl\data\extracted\LAB_1024\TaiZhou_04_01_06_02_Label_414.tif,train
415,TaiZhou_04_01_06_03,TaiZhou,dl\data\extracted\SAR_1024\TaiZhou_04_01_06_03_SAR_415.tif,dl\data\extracted\OPT_1024\TaiZhou_04_01_06_03_Optical_415.tif,dl\data\extracted\LAB_1024\TaiZhou_04_01_06_03_Label_415.tif,train
416,TaiZhou_04_01_06_04,TaiZhou,dl\data\extracted\SAR_1024\TaiZhou_04_01_06_04_SAR_416.tif,dl\data\extracted\OPT_1024\TaiZhou_04_01_06_04_Optical_416.tif,dl\data\extracted\LAB_1024\TaiZhou_04_01_06_04_Label_416.tif,train
417,TaiZhou_04_01_06_05,TaiZhou,dl\data\extracted\SAR_1024\TaiZhou_04_01_06_05_SAR_417.tif,dl\data\extracted\OPT_1024\TaiZhou_04_01_06_05_Optical_417.tif,dl\data\extracted\LAB_1024\TaiZhou_04_01_06_05_Label_417.tif,train
418,TaiZhou_04_01_06_06,TaiZhou,dl\data\extracted\SAR_1024\TaiZhou_04_01_06_06_SAR_418.tif,dl\data\extracted\OPT_1024\TaiZhou_04_01_06_06_Optical_418.tif,dl\data\extracted\LAB_1024\TaiZhou_04_01_06_06_Label_418.tif,train
419,WenZhou_05_01_01_01,WenZhou,dl\data\extracted\SAR_1024\WenZhou_05_01_01_01_SAR_419.tif,dl\data\extracted\OPT_1024\WenZhou_05_01_01_01_Optical_419.tif,dl\data\extracted\LAB_1024\WenZhou_05_01_01_01_Label_419.tif,train
420,WenZhou_05_01_01_02,WenZhou,dl\data\extracted\SAR_1024\WenZhou_05_01_01_02_SAR_420.tif,dl\data\extracted\OPT_1024\WenZhou_05_01_01_02_Optical_420.tif,dl\data\extracted\LAB_1024\WenZhou_05_01_01_02_Label_420.tif,train
421,WenZhou_05_01_01_03,WenZhou,dl\data\extracted\SAR_1024\WenZhou_05_01_01_03_SAR_421.tif,dl\data\extracted\OPT_1024\WenZhou_05_01_01_03_Optical_421.tif,dl\data\extracted\LAB_1024\WenZhou_05_01_01_03_Label_421.tif,train
422,WenZhou_05_01_01_04,WenZhou,dl\data\extracted\SAR_1024\WenZhou_05_01_01_04_SAR_422.tif,dl\data\extracted\OPT_1024\WenZhou_05_01_01_04_Optical_422.tif,dl\data\extracted\LAB_1024\WenZhou_05_01_01_04_Label_422.tif,train
423,WenZhou_05_01_01_05,WenZhou,dl\data\extracted\SAR_1024\WenZhou_05_01_01_05_SAR_423.tif,dl\data\extracted\OPT_1024\WenZhou_05_01_01_05_Optical_423.tif,dl\data\extracted\LAB_1024\WenZhou_05_01_01_05_Label_423.tif,train
424,WenZhou_05_01_01_06,WenZhou,dl\data\extracted\SAR_1024\WenZhou_05_01_01_06_SAR_424.tif,dl\data\extracted\OPT_1024\WenZhou_05_01_01_06_Optical_424.tif,dl\data\extracted\LAB_1024\WenZhou_05_01_01_06_Label_424.tif,train
425,WenZhou_05_01_01_07,WenZhou,dl\data\extracted\SAR_1024\WenZhou_05_01_01_07_SAR_425.tif,dl\data\extracted\OPT_1024\WenZhou_05_01_01_07_Optical_425.tif,dl\data\extracted\LAB_1024\WenZhou_05_01_01_07_Label_425.tif,train
426,WenZhou_05_01_01_08,WenZhou,dl\data\extracted\SAR_1024\WenZhou_05_01_01_08_SAR_426.tif,dl\data\extracted\OPT_1024\WenZhou_05_01_01_08_Optical_426.tif,dl\data\extracted\LAB_1024\WenZhou_05_01_01_08_Label_426.tif,train
427,WenZhou_05_01_01_09,WenZhou,dl\data\extracted\SAR_1024\WenZhou_05_01_01_09_SAR_427.tif,dl\data\extracted\OPT_1024\WenZhou_05_01_01_09_Optical_427.tif,dl\data\extracted\LAB_1024\WenZhou_05_01_01_09_Label_427.tif,train
428,WenZhou_05_01_01_10,WenZhou,dl\data\extracted\SAR_1024\WenZhou_05_01_01_10_SAR_428.tif,dl\data\extracted\OPT_1024\WenZhou_05_01_01_10_Optical_428.tif,dl\data\extracted\LAB_1024\WenZhou_05_01_01_10_Label_428.tif,val
429,WenZhou_05_01_02_01,WenZhou,dl\data\extracted\SAR_1024\WenZhou_05_01_02_01_SAR_429.tif,dl\data\extracted\OPT_1024\WenZhou_05_01_02_01_Optical_429.tif,dl\data\extracted\LAB_1024\WenZhou_05_01_02_01_Label_429.tif,val
430,WenZhou_05_01_02_02,WenZhou,dl\data\extracted\SAR_1024\WenZhou_05_01_02_02_SAR_430.tif,dl\data\extracted\OPT_1024\WenZhou_05_01_02_02_Optical_430.tif,dl\data\extracted\LAB_1024\WenZhou_05_01_02_02_Label_430.tif,val
431,WenZhou_05_01_02_03,WenZhou,dl\data\extracted\SAR_1024\WenZhou_05_01_02_03_SAR_431.tif,dl\data\extracted\OPT_1024\WenZhou_05_01_02_03_Optical_431.tif,dl\data\extracted\LAB_1024\WenZhou_05_01_02_03_Label_431.tif,val
432,WenZhou_05_01_02_04,WenZhou,dl\data\extracted\SAR_1024\WenZhou_05_01_02_04_SAR_432.tif,dl\data\extracted\OPT_1024\WenZhou_05_01_02_04_Optical_432.tif,dl\data\extracted\LAB_1024\WenZhou_05_01_02_04_Label_432.tif,val
433,WenZhou_05_01_02_05,WenZhou,dl\data\extracted\SAR_1024\WenZhou_05_01_02_05_SAR_433.tif,dl\data\extracted\OPT_1024\WenZhou_05_01_02_05_Optical_433.tif,dl\data\extracted\LAB_1024\WenZhou_05_01_02_05_Label_433.tif,val
434,WenZhou_05_01_02_06,WenZhou,dl\data\extracted\SAR_1024\WenZhou_05_01_02_06_SAR_434.tif,dl\data\extracted\OPT_1024\WenZhou_05_01_02_06_Optical_434.tif,dl\data\extracted\LAB_1024\WenZhou_05_01_02_06_Label_434.tif,val
435,WenZhou_05_01_02_07,WenZhou,dl\data\extracted\SAR_1024\WenZhou_05_01_02_07_SAR_435.tif,dl\data\extracted\OPT_1024\WenZhou_05_01_02_07_Optical_435.tif,dl\data\extracted\LAB_1024\WenZhou_05_01_02_07_Label_435.tif,val
436,WenZhou_05_01_02_08,WenZhou,dl\data\extracted\SAR_1024\WenZhou_05_01_02_08_SAR_436.tif,dl\data\extracted\OPT_1024\WenZhou_05_01_02_08_Optical_436.tif,dl\data\extracted\LAB_1024\WenZhou_05_01_02_08_Label_436.tif,val
437,WenZhou_05_01_02_09,WenZhou,dl\data\extracted\SAR_1024\WenZhou_05_01_02_09_SAR_437.tif,dl\data\extracted\OPT_1024\WenZhou_05_01_02_09_Optical_437.tif,dl\data\extracted\LAB_1024\WenZhou_05_01_02_09_Label_437.tif,val
438,WenZhou_05_01_02_10,WenZhou,dl\data\extracted\SAR_1024\WenZhou_05_01_02_10_SAR_438.tif,dl\data\extracted\OPT_1024\WenZhou_05_01_02_10_Optical_438.tif,dl\data\extracted\LAB_1024\WenZhou_05_01_02_10_Label_438.tif,val
439,WenZhou_05_01_03_01,WenZhou,dl\data\extracted\SAR_1024\WenZhou_05_01_03_01_SAR_439.tif,dl\data\extracted\OPT_1024\WenZhou_05_01_03_01_Optical_439.tif,dl\data\extracted\LAB_1024\WenZhou_05_01_03_01_Label_439.tif,val
440,WenZhou_05_01_03_02,WenZhou,dl\data\extracted\SAR_1024\WenZhou_05_01_03_02_SAR_440.tif,dl\data\extracted\OPT_1024\WenZhou_05_01_03_02_Optical_440.tif,dl\data\extracted\LAB_1024\WenZhou_05_01_03_02_Label_440.tif,val
441,WenZhou_05_01_03_03,WenZhou,dl\data\extracted\SAR_1024\WenZhou_05_01_03_03_SAR_441.tif,dl\data\extracted\OPT_1024\WenZhou_05_01_03_03_Optical_441.tif,dl\data\extracted\LAB_1024\WenZhou_05_01_03_03_Label_441.tif,val
442,WenZhou_05_01_03_04,WenZhou,dl\data\extracted\SAR_1024\WenZhou_05_01_03_04_SAR_442.tif,dl\data\extracted\OPT_1024\WenZhou_05_01_03_04_Optical_442.tif,dl\data\extracted\LAB_1024\WenZhou_05_01_03_04_Label_442.tif,val
443,WenZhou_05_01_03_05,WenZhou,dl\data\extracted\SAR_1024\WenZhou_05_01_03_05_SAR_443.tif,dl\data\extracted\OPT_1024\WenZhou_05_01_03_05_Optical_443.tif,dl\data\extracted\LAB_1024\WenZhou_05_01_03_05_Label_443.tif,val
444,WenZhou_05_01_03_06,WenZhou,dl\data\extracted\SAR_1024\WenZhou_05_01_03_06_SAR_444.tif,dl\data\extracted\OPT_1024\WenZhou_05_01_03_06_Optical_444.tif,dl\data\extracted\LAB_1024\WenZhou_05_01_03_06_Label_444.tif,val
445,WenZhou_05_01_03_07,WenZhou,dl\data\extracted\SAR_1024\WenZhou_05_01_03_07_SAR_445.tif,dl\data\extracted\OPT_1024\WenZhou_05_01_03_07_Optical_445.tif,dl\data\extracted\LAB_1024\WenZhou_05_01_03_07_Label_445.tif,val
446,WenZhou_05_01_03_08,WenZhou,dl\data\extracted\SAR_1024\WenZhou_05_01_03_08_SAR_446.tif,dl\data\extracted\OPT_1024\WenZhou_05_01_03_08_Optical_446.tif,dl\data\extracted\LAB_1024\WenZhou_05_01_03_08_Label_446.tif,val
447,WenZhou_05_01_03_09,WenZhou,dl\data\extracted\SAR_1024\WenZhou_05_01_03_09_SAR_447.tif,dl\data\extracted\OPT_1024\WenZhou_05_01_03_09_Optical_447.tif,dl\data\extracted\LAB_1024\WenZhou_05_01_03_09_Label_447.tif,val
448,WenZhou_05_01_03_10,WenZhou,dl\data\extracted\SAR_1024\WenZhou_05_01_03_10_SAR_448.tif,dl\data\extracted\OPT_1024\WenZhou_05_01_03_10_Optical_448.tif,dl\data\extracted\LAB_1024\WenZhou_05_01_03_10_Label_448.tif,val
449,WenZhou_05_01_04_01,WenZhou,dl\data\extracted\SAR_1024\WenZhou_05_01_04_01_SAR_449.tif,dl\data\extracted\OPT_1024\WenZhou_05_01_04_01_Optical_449.tif,dl\data\extracted\LAB_1024\WenZhou_05_01_04_01_Label_449.tif,val
450,WenZhou_05_01_04_02,WenZhou,dl\data\extracted\SAR_1024\WenZhou_05_01_04_02_SAR_450.tif,dl\data\extracted\OPT_1024\WenZhou_05_01_04_02_Optical_450.tif,dl\data\extracted\LAB_1024\WenZhou_05_01_04_02_Label_450.tif,val
451,WenZhou_05_01_04_03,WenZhou,dl\data\extracted\SAR_1024\WenZhou_05_01_04_03_SAR_451.tif,dl\data\extracted\OPT_1024\WenZhou_05_01_04_03_Optical_451.tif,dl\data\extracted\LAB_1024\WenZhou_05_01_04_03_Label_451.tif,val
452,WenZhou_05_01_04_04,WenZhou,dl\data\extracted\SAR_1024\WenZhou_05_01_04_04_SAR_452.tif,dl\data\extracted\OPT_1024\WenZhou_05_01_04_04_Optical_452.tif,dl\data\extracted\LAB_1024\WenZhou_05_01_04_04_Label_452.tif,val
453,WenZhou_05_01_04_05,WenZhou,dl\data\extracted\SAR_1024\WenZhou_05_01_04_05_SAR_453.tif,dl\data\extracted\OPT_1024\WenZhou_05_01_04_05_Optical_453.tif,dl\data\extracted\LAB_1024\WenZhou_05_01_04_05_Label_453.tif,val
454,WenZhou_05_01_04_06,WenZhou,dl\data\extracted\SAR_1024\WenZhou_05_01_04_06_SAR_454.tif,dl\data\extracted\OPT_1024\WenZhou_05_01_04_06_Optical_454.tif,dl\data\extracted\LAB_1024\WenZhou_05_01_04_06_Label_454.tif,val
455,WenZhou_05_01_04_07,WenZhou,dl\data\extracted\SAR_1024\WenZhou_05_01_04_07_SAR_455.tif,dl\data\extracted\OPT_1024\WenZhou_05_01_04_07_Optical_455.tif,dl\data\extracted\LAB_1024\WenZhou_05_01_04_07_Label_455.tif,val
456,WenZhou_05_01_04_08,WenZhou,dl\data\extracted\SAR_1024\WenZhou_05_01_04_08_SAR_456.tif,dl\data\extracted\OPT_1024\WenZhou_05_01_04_08_Optical_456.tif,dl\data\extracted\LAB_1024\WenZhou_05_01_04_08_Label_456.tif,val
457,WenZhou_05_01_04_09,WenZhou,dl\data\extracted\SAR_1024\WenZhou_05_01_04_09_SAR_457.tif,dl\data\extracted\OPT_1024\WenZhou_05_01_04_09_Optical_457.tif,dl\data\extracted\LAB_1024\WenZhou_05_01_04_09_Label_457.tif,val
458,WenZhou_05_01_04_10,WenZhou,dl\data\extracted\SAR_1024\WenZhou_05_01_04_10_SAR_458.tif,dl\data\extracted\OPT_1024\WenZhou_05_01_04_10_Optical_458.tif,dl\data\extracted\LAB_1024\WenZhou_05_01_04_10_Label_458.tif,val
459,WenZhou_05_01_05_01,WenZhou,dl\data\extracted\SAR_1024\WenZhou_05_01_05_01_SAR_459.tif,dl\data\extracted\OPT_1024\WenZhou_05_01_05_01_Optical_459.tif,dl\data\extracted\LAB_1024\WenZhou_05_01_05_01_Label_459.tif,val
460,WenZhou_05_01_05_02,WenZhou,dl\data\extracted\SAR_1024\WenZhou_05_01_05_02_SAR_460.tif,dl\data\extracted\OPT_1024\WenZhou_05_01_05_02_Optical_460.tif,dl\data\extracted\LAB_1024\WenZhou_05_01_05_02_Label_460.tif,val
461,WenZhou_05_01_05_03,WenZhou,dl\data\extracted\SAR_1024\WenZhou_05_01_05_03_SAR_461.tif,dl\data\extracted\OPT_1024\WenZhou_05_01_05_03_Optical_461.tif,dl\data\extracted\LAB_1024\WenZhou_05_01_05_03_Label_461.tif,val
462,WenZhou_05_01_05_04,WenZhou,dl\data\extracted\SAR_1024\WenZhou_05_01_05_04_SAR_462.tif,dl\data\extracted\OPT_1024\WenZhou_05_01_05_04_Optical_462.tif,dl\data\extracted\LAB_1024\WenZhou_05_01_05_04_Label_462.tif,val
463,WenZhou_05_01_05_05,WenZhou,dl\data\extracted\SAR_1024\WenZhou_05_01_05_05_SAR_463.tif,dl\data\extracted\OPT_1024\WenZhou_05_01_05_05_Optical_463.tif,dl\data\extracted\LAB_1024\WenZhou_05_01_05_05_Label_463.tif,val
464,WenZhou_05_01_05_06,WenZhou,dl\data\extracted\SAR_1024\WenZhou_05_01_05_06_SAR_464.tif,dl\data\extracted\OPT_1024\WenZhou_05_01_05_06_Optical_464.tif,dl\data\extracted\LAB_1024\WenZhou_05_01_05_06_Label_464.tif,val
465,WenZhou_05_01_05_07,WenZhou,dl\data\extracted\SAR_1024\WenZhou_05_01_05_07_SAR_465.tif,dl\data\extracted\OPT_1024\WenZhou_05_01_05_07_Optical_465.tif,dl\data\extracted\LAB_1024\WenZhou_05_01_05_07_Label_465.tif,val
466,WenZhou_05_01_05_08,WenZhou,dl\data\extracted\SAR_1024\WenZhou_05_01_05_08_SAR_466.tif,dl\data\extracted\OPT_1024\WenZhou_05_01_05_08_Optical_466.tif,dl\data\extracted\LAB_1024\WenZhou_05_01_05_08_Label_466.tif,val
467,WenZhou_05_01_05_09,WenZhou,dl\data\extracted\SAR_1024\WenZhou_05_01_05_09_SAR_467.tif,dl\data\extracted\OPT_1024\WenZhou_05_01_05_09_Optical_467.tif,dl\data\extracted\LAB_1024\WenZhou_05_01_05_09_Label_467.tif,val
468,WenZhou_05_01_05_10,WenZhou,dl\data\extracted\SAR_1024\WenZhou_05_01_05_10_SAR_468.tif,dl\data\extracted\OPT_1024\WenZhou_05_01_05_10_Optical_468.tif,dl\data\extracted\LAB_1024\WenZhou_05_01_05_10_Label_468.tif,val
469,WenZhou_05_01_06_01,WenZhou,dl\data\extracted\SAR_1024\WenZhou_05_01_06_01_SAR_469.tif,dl\data\extracted\OPT_1024\WenZhou_05_01_06_01_Optical_469.tif,dl\data\extracted\LAB_1024\WenZhou_05_01_06_01_Label_469.tif,val
470,WenZhou_05_01_06_02,WenZhou,dl\data\extracted\SAR_1024\WenZhou_05_01_06_02_SAR_470.tif,dl\data\extracted\OPT_1024\WenZhou_05_01_06_02_Optical_470.tif,dl\data\extracted\LAB_1024\WenZhou_05_01_06_02_Label_470.tif,val
471,WenZhou_05_01_06_03,WenZhou,dl\data\extracted\SAR_1024\WenZhou_05_01_06_03_SAR_471.tif,dl\data\extracted\OPT_1024\WenZhou_05_01_06_03_Optical_471.tif,dl\data\extracted\LAB_1024\WenZhou_05_01_06_03_Label_471.tif,val
472,WenZhou_05_01_06_04,WenZhou,dl\data\extracted\SAR_1024\WenZhou_05_01_06_04_SAR_472.tif,dl\data\extracted\OPT_1024\WenZhou_05_01_06_04_Optical_472.tif,dl\data\extracted\LAB_1024\WenZhou_05_01_06_04_Label_472.tif,val
473,WenZhou_05_01_06_05,WenZhou,dl\data\extracted\SAR_1024\WenZhou_05_01_06_05_SAR_473.tif,dl\data\extracted\OPT_1024\WenZhou_05_01_06_05_Optical_473.tif,dl\data\extracted\LAB_1024\WenZhou_05_01_06_05_Label_473.tif,val
474,WenZhou_05_01_06_06,WenZhou,dl\data\extracted\SAR_1024\WenZhou_05_01_06_06_SAR_474.tif,dl\data\extracted\OPT_1024\WenZhou_05_01_06_06_Optical_474.tif,dl\data\extracted\LAB_1024\WenZhou_05_01_06_06_Label_474.tif,val
475,WenZhou_05_01_06_07,WenZhou,dl\data\extracted\SAR_1024\WenZhou_05_01_06_07_SAR_475.tif,dl\data\extracted\OPT_1024\WenZhou_05_01_06_07_Optical_475.tif,dl\data\extracted\LAB_1024\WenZhou_05_01_06_07_Label_475.tif,val
476,WenZhou_05_01_06_08,WenZhou,dl\data\extracted\SAR_1024\WenZhou_05_01_06_08_SAR_476.tif,dl\data\extracted\OPT_1024\WenZhou_05_01_06_08_Optical_476.tif,dl\data\extracted\LAB_1024\WenZhou_05_01_06_08_Label_476.tif,val
477,WenZhou_05_01_06_09,WenZhou,dl\data\extracted\SAR_1024\WenZhou_05_01_06_09_SAR_477.tif,dl\data\extracted\OPT_1024\WenZhou_05_01_06_09_Optical_477.tif,dl\data\extracted\LAB_1024\WenZhou_05_01_06_09_Label_477.tif,val
478,WenZhou_05_01_06_10,WenZhou,dl\data\extracted\SAR_1024\WenZhou_05_01_06_10_SAR_478.tif,dl\data\extracted\OPT_1024\WenZhou_05_01_06_10_Optical_478.tif,dl\data\extracted\LAB_1024\WenZhou_05_01_06_10_Label_478.tif,val
479,WenZhou_05_01_07_01,WenZhou,dl\data\extracted\SAR_1024\WenZhou_05_01_07_01_SAR_479.tif,dl\data\extracted\OPT_1024\WenZhou_05_01_07_01_Optical_479.tif,dl\data\extracted\LAB_1024\WenZhou_05_01_07_01_Label_479.tif,val
480,WenZhou_05_01_07_02,WenZhou,dl\data\extracted\SAR_1024\WenZhou_05_01_07_02_SAR_480.tif,dl\data\extracted\OPT_1024\WenZhou_05_01_07_02_Optical_480.tif,dl\data\extracted\LAB_1024\WenZhou_05_01_07_02_Label_480.tif,val
481,WenZhou_05_01_07_03,WenZhou,dl\data\extracted\SAR_1024\WenZhou_05_01_07_03_SAR_481.tif,dl\data\extracted\OPT_1024\WenZhou_05_01_07_03_Optical_481.tif,dl\data\extracted\LAB_1024\WenZhou_05_01_07_03_Label_481.tif,val
482,WenZhou_05_01_07_04,WenZhou,dl\data\extracted\SAR_1024\WenZhou_05_01_07_04_SAR_482.tif,dl\data\extracted\OPT_1024\WenZhou_05_01_07_04_Optical_482.tif,dl\data\extracted\LAB_1024\WenZhou_05_01_07_04_Label_482.tif,val
483,WenZhou_05_01_07_05,WenZhou,dl\data\extracted\SAR_1024\WenZhou_05_01_07_05_SAR_483.tif,dl\data\extracted\OPT_1024\WenZhou_05_01_07_05_Optical_483.tif,dl\data\extracted\LAB_1024\WenZhou_05_01_07_05_Label_483.tif,val
484,WenZhou_05_01_07_06,WenZhou,dl\data\extracted\SAR_1024\WenZhou_05_01_07_06_SAR_484.tif,dl\data\extracted\OPT_1024\WenZhou_05_01_07_06_Optical_484.tif,dl\data\extracted\LAB_1024\WenZhou_05_01_07_06_Label_484.tif,val
485,WenZhou_05_01_07_07,WenZhou,dl\data\extracted\SAR_1024\WenZhou_05_01_07_07_SAR_485.tif,dl\data\extracted\OPT_1024\WenZhou_05_01_07_07_Optical_485.tif,dl\data\extracted\LAB_1024\WenZhou_05_01_07_07_Label_485.tif,val
486,WenZhou_05_01_07_08,WenZhou,dl\data\extracted\SAR_1024\WenZhou_05_01_07_08_SAR_486.tif,dl\data\extracted\OPT_1024\WenZhou_05_01_07_08_Optical_486.tif,dl\data\extracted\LAB_1024\WenZhou_05_01_07_08_Label_486.tif,val
487,WenZhou_05_01_07_09,WenZhou,dl\data\extracted\SAR_1024\WenZhou_05_01_07_09_SAR_487.tif,dl\data\extracted\OPT_1024\WenZhou_05_01_07_09_Optical_487.tif,dl\data\extracted\LAB_1024\WenZhou_05_01_07_09_Label_487.tif,val
488,WenZhou_05_01_07_10,WenZhou,dl\data\extracted\SAR_1024\WenZhou_05_01_07_10_SAR_488.tif,dl\data\extracted\OPT_1024\WenZhou_05_01_07_10_Optical_488.tif,dl\data\extracted\LAB_1024\WenZhou_05_01_07_10_Label_488.tif,val
489,WenZhou_05_01_08_01,WenZhou,dl\data\extracted\SAR_1024\WenZhou_05_01_08_01_SAR_489.tif,dl\data\extracted\OPT_1024\WenZhou_05_01_08_01_Optical_489.tif,dl\data\extracted\LAB_1024\WenZhou_05_01_08_01_Label_489.tif,val
490,WenZhou_05_01_08_02,WenZhou,dl\data\extracted\SAR_1024\WenZhou_05_01_08_02_SAR_490.tif,dl\data\extracted\OPT_1024\WenZhou_05_01_08_02_Optical_490.tif,dl\data\extracted\LAB_1024\WenZhou_05_01_08_02_Label_490.tif,val
491,WenZhou_05_01_08_03,WenZhou,dl\data\extracted\SAR_1024\WenZhou_05_01_08_03_SAR_491.tif,dl\data\extracted\OPT_1024\WenZhou_05_01_08_03_Optical_491.tif,dl\data\extracted\LAB_1024\WenZhou_05_01_08_03_Label_491.tif,val
492,WenZhou_05_01_08_04,WenZhou,dl\data\extracted\SAR_1024\WenZhou_05_01_08_04_SAR_492.tif,dl\data\extracted\OPT_1024\WenZhou_05_01_08_04_Optical_492.tif,dl\data\extracted\LAB_1024\WenZhou_05_01_08_04_Label_492.tif,val
493,WenZhou_05_01_08_05,WenZhou,dl\data\extracted\SAR_1024\WenZhou_05_01_08_05_SAR_493.tif,dl\data\extracted\OPT_1024\WenZhou_05_01_08_05_Optical_493.tif,dl\data\extracted\LAB_1024\WenZhou_05_01_08_05_Label_493.tif,val
494,WenZhou_05_01_08_06,WenZhou,dl\data\extracted\SAR_1024\WenZhou_05_01_08_06_SAR_494.tif,dl\data\extracted\OPT_1024\WenZhou_05_01_08_06_Optical_494.tif,dl\data\extracted\LAB_1024\WenZhou_05_01_08_06_Label_494.tif,val
495,WenZhou_05_01_08_07,WenZhou,dl\data\extracted\SAR_1024\WenZhou_05_01_08_07_SAR_495.tif,dl\data\extracted\OPT_1024\WenZhou_05_01_08_07_Optical_495.tif,dl\data\extracted\LAB_1024\WenZhou_05_01_08_07_Label_495.tif,val
496,WenZhou_05_01_08_08,WenZhou,dl\data\extracted\SAR_1024\WenZhou_05_01_08_08_SAR_496.tif,dl\data\extracted\OPT_1024\WenZhou_05_01_08_08_Optical_496.tif,dl\data\extracted\LAB_1024\WenZhou_05_01_08_08_Label_496.tif,val
497,WenZhou_05_01_08_09,WenZhou,dl\data\extracted\SAR_1024\WenZhou_05_01_08_09_SAR_497.tif,dl\data\extracted\OPT_1024\WenZhou_05_01_08_09_Optical_497.tif,dl\data\extracted\LAB_1024\WenZhou_05_01_08_09_Label_497.tif,val
498,WenZhou_05_01_08_10,WenZhou,dl\data\extracted\SAR_1024\WenZhou_05_01_08_10_SAR_498.tif,dl\data\extracted\OPT_1024\WenZhou_05_01_08_10_Optical_498.tif,dl\data\extracted\LAB_1024\WenZhou_05_01_08_10_Label_498.tif,val
499,WenZhou_05_02_01_01,WenZhou,dl\data\extracted\SAR_1024\WenZhou_05_02_01_01_SAR_499.tif,dl\data\extracted\OPT_1024\WenZhou_05_02_01_01_Optical_499.tif,dl\data\extracted\LAB_1024\WenZhou_05_02_01_01_Label_499.tif,val
500,WenZhou_05_02_01_02,WenZhou,dl\data\extracted\SAR_1024\WenZhou_05_02_01_02_SAR_500.tif,dl\data\extracted\OPT_1024\WenZhou_05_02_01_02_Optical_500.tif,dl\data\extracted\LAB_1024\WenZhou_05_02_01_02_Label_500.tif,val
501,WenZhou_05_02_01_03,WenZhou,dl\data\extracted\SAR_1024\WenZhou_05_02_01_03_SAR_501.tif,dl\data\extracted\OPT_1024\WenZhou_05_02_01_03_Optical_501.tif,dl\data\extracted\LAB_1024\WenZhou_05_02_01_03_Label_501.tif,val
502,WenZhou_05_02_01_04,WenZhou,dl\data\extracted\SAR_1024\WenZhou_05_02_01_04_SAR_502.tif,dl\data\extracted\OPT_1024\WenZhou_05_02_01_04_Optical_502.tif,dl\data\extracted\LAB_1024\WenZhou_05_02_01_04_Label_502.tif,val
503,WenZhou_05_02_01_05,WenZhou,dl\data\extracted\SAR_1024\WenZhou_05_02_01_05_SAR_503.tif,dl\data\extracted\OPT_1024\WenZhou_05_02_01_05_Optical_503.tif,dl\data\extracted\LAB_1024\WenZhou_05_02_01_05_Label_503.tif,val
504,WenZhou_05_02_01_06,WenZhou,dl\data\extracted\SAR_1024\WenZhou_05_02_01_06_SAR_504.tif,dl\data\extracted\OPT_1024\WenZhou_05_02_01_06_Optical_504.tif,dl\data\extracted\LAB_1024\WenZhou_05_02_01_06_Label_504.tif,val
505,WenZhou_05_02_01_07,WenZhou,dl\data\extracted\SAR_1024\WenZhou_05_02_01_07_SAR_505.tif,dl\data\extracted\OPT_1024\WenZhou_05_02_01_07_Optical_505.tif,dl\data\extracted\LAB_1024\WenZhou_05_02_01_07_Label_505.tif,val
506,WenZhou_05_02_01_08,WenZhou,dl\data\extracted\SAR_1024\WenZhou_05_02_01_08_SAR_506.tif,dl\data\extracted\OPT_1024\WenZhou_05_02_01_08_Optical_506.tif,dl\data\extracted\LAB_1024\WenZhou_05_02_01_08_Label_506.tif,val
507,WenZhou_05_02_01_09,WenZhou,dl\data\extracted\SAR_1024\WenZhou_05_02_01_09_SAR_507.tif,dl\data\extracted\OPT_1024\WenZhou_05_02_01_09_Optical_507.tif,dl\data\extracted\LAB_1024\WenZhou_05_02_01_09_Label_507.tif,val
508,WenZhou_05_02_02_01,WenZhou,dl\data\extracted\SAR_1024\WenZhou_05_02_02_01_SAR_508.tif,dl\data\extracted\OPT_1024\WenZhou_05_02_02_01_Optical_508.tif,dl\data\extracted\LAB_1024\WenZhou_05_02_02_01_Label_508.tif,val
509,WenZhou_05_02_02_02,WenZhou,dl\data\extracted\SAR_1024\WenZhou_05_02_02_02_SAR_509.tif,dl\data\extracted\OPT_1024\WenZhou_05_02_02_02_Optical_509.tif,dl\data\extracted\LAB_1024\WenZhou_05_02_02_02_Label_509.tif,val
510,WenZhou_05_02_02_03,WenZhou,dl\data\extracted\SAR_1024\WenZhou_05_02_02_03_SAR_510.tif,dl\data\extracted\OPT_1024\WenZhou_05_02_02_03_Optical_510.tif,dl\data\extracted\LAB_1024\WenZhou_05_02_02_03_Label_510.tif,val
511,WenZhou_05_02_02_04,WenZhou,dl\data\extracted\SAR_1024\WenZhou_05_02_02_04_SAR_511.tif,dl\data\extracted\OPT_1024\WenZhou_05_02_02_04_Optical_511.tif,dl\data\extracted\LAB_1024\WenZhou_05_02_02_04_Label_511.tif,val
512,WenZhou_05_02_02_05,WenZhou,dl\data\extracted\SAR_1024\WenZhou_05_02_02_05_SAR_512.tif,dl\data\extracted\OPT_1024\WenZhou_05_02_02_05_Optical_512.tif,dl\data\extracted\LAB_1024\WenZhou_05_02_02_05_Label_512.tif,val
513,WenZhou_05_02_02_06,WenZhou,dl\data\extracted\SAR_1024\WenZhou_05_02_02_06_SAR_513.tif,dl\data\extracted\OPT_1024\WenZhou_05_02_02_06_Optical_513.tif,dl\data\extracted\LAB_1024\WenZhou_05_02_02_06_Label_513.tif,val
514,WenZhou_05_02_02_07,WenZhou,dl\data\extracted\SAR_1024\WenZhou_05_02_02_07_SAR_514.tif,dl\data\extracted\OPT_1024\WenZhou_05_02_02_07_Optical_514.tif,dl\data\extracted\LAB_1024\WenZhou_05_02_02_07_Label_514.tif,val
515,WenZhou_05_02_02_08,WenZhou,dl\data\extracted\SAR_1024\WenZhou_05_02_02_08_SAR_515.tif,dl\data\extracted\OPT_1024\WenZhou_05_02_02_08_Optical_515.tif,dl\data\extracted\LAB_1024\WenZhou_05_02_02_08_Label_515.tif,val
516,WenZhou_05_02_02_09,WenZhou,dl\data\extracted\SAR_1024\WenZhou_05_02_02_09_SAR_516.tif,dl\data\extracted\OPT_1024\WenZhou_05_02_02_09_Optical_516.tif,dl\data\extracted\LAB_1024\WenZhou_05_02_02_09_Label_516.tif,val
517,WenZhou_05_02_03_01,WenZhou,dl\data\extracted\SAR_1024\WenZhou_05_02_03_01_SAR_517.tif,dl\data\extracted\OPT_1024\WenZhou_05_02_03_01_Optical_517.tif,dl\data\extracted\LAB_1024\WenZhou_05_02_03_01_Label_517.tif,val
518,WenZhou_05_02_03_02,WenZhou,dl\data\extracted\SAR_1024\WenZhou_05_02_03_02_SAR_518.tif,dl\data\extracted\OPT_1024\WenZhou_05_02_03_02_Optical_518.tif,dl\data\extracted\LAB_1024\WenZhou_05_02_03_02_Label_518.tif,val
519,WenZhou_05_02_03_03,WenZhou,dl\data\extracted\SAR_1024\WenZhou_05_02_03_03_SAR_519.tif,dl\data\extracted\OPT_1024\WenZhou_05_02_03_03_Optical_519.tif,dl\data\extracted\LAB_1024\WenZhou_05_02_03_03_Label_519.tif,test
520,WenZhou_05_02_03_04,WenZhou,dl\data\extracted\SAR_1024\WenZhou_05_02_03_04_SAR_520.tif,dl\data\extracted\OPT_1024\WenZhou_05_02_03_04_Optical_520.tif,dl\data\extracted\LAB_1024\WenZhou_05_02_03_04_Label_520.tif,test
521,WenZhou_05_02_03_05,WenZhou,dl\data\extracted\SAR_1024\WenZhou_05_02_03_05_SAR_521.tif,dl\data\extracted\OPT_1024\WenZhou_05_02_03_05_Optical_521.tif,dl\data\extracted\LAB_1024\WenZhou_05_02_03_05_Label_521.tif,test
522,WenZhou_05_02_03_06,WenZhou,dl\data\extracted\SAR_1024\WenZhou_05_02_03_06_SAR_522.tif,dl\data\extracted\OPT_1024\WenZhou_05_02_03_06_Optical_522.tif,dl\data\extracted\LAB_1024\WenZhou_05_02_03_06_Label_522.tif,test
523,WenZhou_05_02_03_07,WenZhou,dl\data\extracted\SAR_1024\WenZhou_05_02_03_07_SAR_523.tif,dl\data\extracted\OPT_1024\WenZhou_05_02_03_07_Optical_523.tif,dl\data\extracted\LAB_1024\WenZhou_05_02_03_07_Label_523.tif,test
524,WenZhou_05_02_03_08,WenZhou,dl\data\extracted\SAR_1024\WenZhou_05_02_03_08_SAR_524.tif,dl\data\extracted\OPT_1024\WenZhou_05_02_03_08_Optical_524.tif,dl\data\extracted\LAB_1024\WenZhou_05_02_03_08_Label_524.tif,test
525,WenZhou_05_02_03_09,WenZhou,dl\data\extracted\SAR_1024\WenZhou_05_02_03_09_SAR_525.tif,dl\data\extracted\OPT_1024\WenZhou_05_02_03_09_Optical_525.tif,dl\data\extracted\LAB_1024\WenZhou_05_02_03_09_Label_525.tif,test
526,WenZhou_05_02_04_01,WenZhou,dl\data\extracted\SAR_1024\WenZhou_05_02_04_01_SAR_526.tif,dl\data\extracted\OPT_1024\WenZhou_05_02_04_01_Optical_526.tif,dl\data\extracted\LAB_1024\WenZhou_05_02_04_01_Label_526.tif,test
527,WenZhou_05_02_04_02,WenZhou,dl\data\extracted\SAR_1024\WenZhou_05_02_04_02_SAR_527.tif,dl\data\extracted\OPT_1024\WenZhou_05_02_04_02_Optical_527.tif,dl\data\extracted\LAB_1024\WenZhou_05_02_04_02_Label_527.tif,test
528,WenZhou_05_02_04_03,WenZhou,dl\data\extracted\SAR_1024\WenZhou_05_02_04_03_SAR_528.tif,dl\data\extracted\OPT_1024\WenZhou_05_02_04_03_Optical_528.tif,dl\data\extracted\LAB_1024\WenZhou_05_02_04_03_Label_528.tif,test
529,WenZhou_05_02_04_04,WenZhou,dl\data\extracted\SAR_1024\WenZhou_05_02_04_04_SAR_529.tif,dl\data\extracted\OPT_1024\WenZhou_05_02_04_04_Optical_529.tif,dl\data\extracted\LAB_1024\WenZhou_05_02_04_04_Label_529.tif,test
530,WenZhou_05_02_04_05,WenZhou,dl\data\extracted\SAR_1024\WenZhou_05_02_04_05_SAR_530.tif,dl\data\extracted\OPT_1024\WenZhou_05_02_04_05_Optical_530.tif,dl\data\extracted\LAB_1024\WenZhou_05_02_04_05_Label_530.tif,test
531,WenZhou_05_02_04_06,WenZhou,dl\data\extracted\SAR_1024\WenZhou_05_02_04_06_SAR_531.tif,dl\data\extracted\OPT_1024\WenZhou_05_02_04_06_Optical_531.tif,dl\data\extracted\LAB_1024\WenZhou_05_02_04_06_Label_531.tif,test
532,WenZhou_05_02_04_07,WenZhou,dl\data\extracted\SAR_1024\WenZhou_05_02_04_07_SAR_532.tif,dl\data\extracted\OPT_1024\WenZhou_05_02_04_07_Optical_532.tif,dl\data\extracted\LAB_1024\WenZhou_05_02_04_07_Label_532.tif,test
533,WenZhou_05_02_04_08,WenZhou,dl\data\extracted\SAR_1024\WenZhou_05_02_04_08_SAR_533.tif,dl\data\extracted\OPT_1024\WenZhou_05_02_04_08_Optical_533.tif,dl\data\extracted\LAB_1024\WenZhou_05_02_04_08_Label_533.tif,test
534,WenZhou_05_02_04_09,WenZhou,dl\data\extracted\SAR_1024\WenZhou_05_02_04_09_SAR_534.tif,dl\data\extracted\OPT_1024\WenZhou_05_02_04_09_Optical_534.tif,dl\data\extracted\LAB_1024\WenZhou_05_02_04_09_Label_534.tif,test
535,WenZhou_05_02_05_01,WenZhou,dl\data\extracted\SAR_1024\WenZhou_05_02_05_01_SAR_535.tif,dl\data\extracted\OPT_1024\WenZhou_05_02_05_01_Optical_535.tif,dl\data\extracted\LAB_1024\WenZhou_05_02_05_01_Label_535.tif,test
536,WenZhou_05_02_05_02,WenZhou,dl\data\extracted\SAR_1024\WenZhou_05_02_05_02_SAR_536.tif,dl\data\extracted\OPT_1024\WenZhou_05_02_05_02_Optical_536.tif,dl\data\extracted\LAB_1024\WenZhou_05_02_05_02_Label_536.tif,test
537,WenZhou_05_02_05_03,WenZhou,dl\data\extracted\SAR_1024\WenZhou_05_02_05_03_SAR_537.tif,dl\data\extracted\OPT_1024\WenZhou_05_02_05_03_Optical_537.tif,dl\data\extracted\LAB_1024\WenZhou_05_02_05_03_Label_537.tif,test
538,WenZhou_05_02_05_04,WenZhou,dl\data\extracted\SAR_1024\WenZhou_05_02_05_04_SAR_538.tif,dl\data\extracted\OPT_1024\WenZhou_05_02_05_04_Optical_538.tif,dl\data\extracted\LAB_1024\WenZhou_05_02_05_04_Label_538.tif,test
539,WenZhou_05_02_05_05,WenZhou,dl\data\extracted\SAR_1024\WenZhou_05_02_05_05_SAR_539.tif,dl\data\extracted\OPT_1024\WenZhou_05_02_05_05_Optical_539.tif,dl\data\extracted\LAB_1024\WenZhou_05_02_05_05_Label_539.tif,test
540,WenZhou_05_02_05_06,WenZhou,dl\data\extracted\SAR_1024\WenZhou_05_02_05_06_SAR_540.tif,dl\data\extracted\OPT_1024\WenZhou_05_02_05_06_Optical_540.tif,dl\data\extracted\LAB_1024\WenZhou_05_02_05_06_Label_540.tif,test
541,WenZhou_05_02_05_07,WenZhou,dl\data\extracted\SAR_1024\WenZhou_05_02_05_07_SAR_541.tif,dl\data\extracted\OPT_1024\WenZhou_05_02_05_07_Optical_541.tif,dl\data\extracted\LAB_1024\WenZhou_05_02_05_07_Label_541.tif,test
542,WenZhou_05_02_05_08,WenZhou,dl\data\extracted\SAR_1024\WenZhou_05_02_05_08_SAR_542.tif,dl\data\extracted\OPT_1024\WenZhou_05_02_05_08_Optical_542.tif,dl\data\extracted\LAB_1024\WenZhou_05_02_05_08_Label_542.tif,test
543,WenZhou_05_02_05_09,WenZhou,dl\data\extracted\SAR_1024\WenZhou_05_02_05_09_SAR_543.tif,dl\data\extracted\OPT_1024\WenZhou_05_02_05_09_Optical_543.tif,dl\data\extracted\LAB_1024\WenZhou_05_02_05_09_Label_543.tif,test
544,TaiZhou_06_01_01_01,TaiZhou,dl\data\extracted\SAR_1024\TaiZhou_06_01_01_01_SAR_544.tif,dl\data\extracted\OPT_1024\TaiZhou_06_01_01_01_Optical_544.tif,dl\data\extracted\LAB_1024\TaiZhou_06_01_01_01_Label_544.tif,test
545,TaiZhou_06_01_01_02,TaiZhou,dl\data\extracted\SAR_1024\TaiZhou_06_01_01_02_SAR_545.tif,dl\data\extracted\OPT_1024\TaiZhou_06_01_01_02_Optical_545.tif,dl\data\extracted\LAB_1024\TaiZhou_06_01_01_02_Label_545.tif,test
546,TaiZhou_06_01_01_03,TaiZhou,dl\data\extracted\SAR_1024\TaiZhou_06_01_01_03_SAR_546.tif,dl\data\extracted\OPT_1024\TaiZhou_06_01_01_03_Optical_546.tif,dl\data\extracted\LAB_1024\TaiZhou_06_01_01_03_Label_546.tif,test
547,TaiZhou_06_01_02_01,TaiZhou,dl\data\extracted\SAR_1024\TaiZhou_06_01_02_01_SAR_547.tif,dl\data\extracted\OPT_1024\TaiZhou_06_01_02_01_Optical_547.tif,dl\data\extracted\LAB_1024\TaiZhou_06_01_02_01_Label_547.tif,test
548,TaiZhou_06_01_02_02,TaiZhou,dl\data\extracted\SAR_1024\TaiZhou_06_01_02_02_SAR_548.tif,dl\data\extracted\OPT_1024\TaiZhou_06_01_02_02_Optical_548.tif,dl\data\extracted\LAB_1024\TaiZhou_06_01_02_02_Label_548.tif,test
549,TaiZhou_06_01_02_03,TaiZhou,dl\data\extracted\SAR_1024\TaiZhou_06_01_02_03_SAR_549.tif,dl\data\extracted\OPT_1024\TaiZhou_06_01_02_03_Optical_549.tif,dl\data\extracted\LAB_1024\TaiZhou_06_01_02_03_Label_549.tif,test
550,TaiZhou_06_01_03_01,TaiZhou,dl\data\extracted\SAR_1024\TaiZhou_06_01_03_01_SAR_550.tif,dl\data\extracted\OPT_1024\TaiZhou_06_01_03_01_Optical_550.tif,dl\data\extracted\LAB_1024\TaiZhou_06_01_03_01_Label_550.tif,test
551,TaiZhou_06_01_03_02,TaiZhou,dl\data\extracted\SAR_1024\TaiZhou_06_01_03_02_SAR_551.tif,dl\data\extracted\OPT_1024\TaiZhou_06_01_03_02_Optical_551.tif,dl\data\extracted\LAB_1024\TaiZhou_06_01_03_02_Label_551.tif,test
552,TaiZhou_06_01_03_03,TaiZhou,dl\data\extracted\SAR_1024\TaiZhou_06_01_03_03_SAR_552.tif,dl\data\extracted\OPT_1024\TaiZhou_06_01_03_03_Optical_552.tif,dl\data\extracted\LAB_1024\TaiZhou_06_01_03_03_Label_552.tif,test
553,TaiZhou_06_02_01_01,TaiZhou,dl\data\extracted\SAR_1024\TaiZhou_06_02_01_01_SAR_553.tif,dl\data\extracted\OPT_1024\TaiZhou_06_02_01_01_Optical_553.tif,dl\data\extracted\LAB_1024\TaiZhou_06_02_01_01_Label_553.tif,test
554,TaiZhou_06_02_01_02,TaiZhou,dl\data\extracted\SAR_1024\TaiZhou_06_02_01_02_SAR_554.tif,dl\data\extracted\OPT_1024\TaiZhou_06_02_01_02_Optical_554.tif,dl\data\extracted\LAB_1024\TaiZhou_06_02_01_02_Label_554.tif,test
555,TaiZhou_06_02_02_01,TaiZhou,dl\data\extracted\SAR_1024\TaiZhou_06_02_02_01_SAR_555.tif,dl\data\extracted\OPT_1024\TaiZhou_06_02_02_01_Optical_555.tif,dl\data\extracted\LAB_1024\TaiZhou_06_02_02_01_Label_555.tif,test
556,TaiZhou_06_02_02_02,TaiZhou,dl\data\extracted\SAR_1024\TaiZhou_06_02_02_02_SAR_556.tif,dl\data\extracted\OPT_1024\TaiZhou_06_02_02_02_Optical_556.tif,dl\data\extracted\LAB_1024\TaiZhou_06_02_02_02_Label_556.tif,test
557,TaiZhou_06_03_01_01,TaiZhou,dl\data\extracted\SAR_1024\TaiZhou_06_03_01_01_SAR_557.tif,dl\data\extracted\OPT_1024\TaiZhou_06_03_01_01_Optical_557.tif,dl\data\extracted\LAB_1024\TaiZhou_06_03_01_01_Label_557.tif,test
558,TaiZhou_06_03_01_02,TaiZhou,dl\data\extracted\SAR_1024\TaiZhou_06_03_01_02_SAR_558.tif,dl\data\extracted\OPT_1024\TaiZhou_06_03_01_02_Optical_558.tif,dl\data\extracted\LAB_1024\TaiZhou_06_03_01_02_Label_558.tif,test
559,TaiZhou_06_03_01_03,TaiZhou,dl\data\extracted\SAR_1024\TaiZhou_06_03_01_03_SAR_559.tif,dl\data\extracted\OPT_1024\TaiZhou_06_03_01_03_Optical_559.tif,dl\data\extracted\LAB_1024\TaiZhou_06_03_01_03_Label_559.tif,test
560,TaiZhou_06_03_02_01,TaiZhou,dl\data\extracted\SAR_1024\TaiZhou_06_03_02_01_SAR_560.tif,dl\data\extracted\OPT_1024\TaiZhou_06_03_02_01_Optical_560.tif,dl\data\extracted\LAB_1024\TaiZhou_06_03_02_01_Label_560.tif,test
561,TaiZhou_06_03_02_02,TaiZhou,dl\data\extracted\SAR_1024\TaiZhou_06_03_02_02_SAR_561.tif,dl\data\extracted\OPT_1024\TaiZhou_06_03_02_02_Optical_561.tif,dl\data\extracted\LAB_1024\TaiZhou_06_03_02_02_Label_561.tif,test
562,TaiZhou_06_03_02_03,TaiZhou,dl\data\extracted\SAR_1024\TaiZhou_06_03_02_03_SAR_562.tif,dl\data\extracted\OPT_1024\TaiZhou_06_03_02_03_Optical_562.tif,dl\data\extracted\LAB_1024\TaiZhou_06_03_02_03_Label_562.tif,test
563,NingBo_07_01_01_01,NingBo,dl\data\extracted\SAR_1024\NingBo_07_01_01_01_SAR_563.tif,dl\data\extracted\OPT_1024\NingBo_07_01_01_01_Optical_563.tif,dl\data\extracted\LAB_1024\NingBo_07_01_01_01_Label_563.tif,test
564,NingBo_07_01_01_02,NingBo,dl\data\extracted\SAR_1024\NingBo_07_01_01_02_SAR_564.tif,dl\data\extracted\OPT_1024\NingBo_07_01_01_02_Optical_564.tif,dl\data\extracted\LAB_1024\NingBo_07_01_01_02_Label_564.tif,test
565,NingBo_07_01_01_03,NingBo,dl\data\extracted\SAR_1024\NingBo_07_01_01_03_SAR_565.tif,dl\data\extracted\OPT_1024\NingBo_07_01_01_03_Optical_565.tif,dl\data\extracted\LAB_1024\NingBo_07_01_01_03_Label_565.tif,test
566,NingBo_07_01_01_04,NingBo,dl\data\extracted\SAR_1024\NingBo_07_01_01_04_SAR_566.tif,dl\data\extracted\OPT_1024\NingBo_07_01_01_04_Optical_566.tif,dl\data\extracted\LAB_1024\NingBo_07_01_01_04_Label_566.tif,test
567,NingBo_07_01_01_05,NingBo,dl\data\extracted\SAR_1024\NingBo_07_01_01_05_SAR_567.tif,dl\data\extracted\OPT_1024\NingBo_07_01_01_05_Optical_567.tif,dl\data\extracted\LAB_1024\NingBo_07_01_01_05_Label_567.tif,test
568,NingBo_07_01_01_06,NingBo,dl\data\extracted\SAR_1024\NingBo_07_01_01_06_SAR_568.tif,dl\data\extracted\OPT_1024\NingBo_07_01_01_06_Optical_568.tif,dl\data\extracted\LAB_1024\NingBo_07_01_01_06_Label_568.tif,test
569,NingBo_07_01_02_01,NingBo,dl\data\extracted\SAR_1024\NingBo_07_01_02_01_SAR_569.tif,dl\data\extracted\OPT_1024\NingBo_07_01_02_01_Optical_569.tif,dl\data\extracted\LAB_1024\NingBo_07_01_02_01_Label_569.tif,test
570,NingBo_07_01_02_02,NingBo,dl\data\extracted\SAR_1024\NingBo_07_01_02_02_SAR_570.tif,dl\data\extracted\OPT_1024\NingBo_07_01_02_02_Optical_570.tif,dl\data\extracted\LAB_1024\NingBo_07_01_02_02_Label_570.tif,test
571,NingBo_07_01_02_03,NingBo,dl\data\extracted\SAR_1024\NingBo_07_01_02_03_SAR_571.tif,dl\data\extracted\OPT_1024\NingBo_07_01_02_03_Optical_571.tif,dl\data\extracted\LAB_1024\NingBo_07_01_02_03_Label_571.tif,test
572,NingBo_07_01_02_04,NingBo,dl\data\extracted\SAR_1024\NingBo_07_01_02_04_SAR_572.tif,dl\data\extracted\OPT_1024\NingBo_07_01_02_04_Optical_572.tif,dl\data\extracted\LAB_1024\NingBo_07_01_02_04_Label_572.tif,test
573,NingBo_07_01_02_05,NingBo,dl\data\extracted\SAR_1024\NingBo_07_01_02_05_SAR_573.tif,dl\data\extracted\OPT_1024\NingBo_07_01_02_05_Optical_573.tif,dl\data\extracted\LAB_1024\NingBo_07_01_02_05_Label_573.tif,test
574,NingBo_07_01_02_06,NingBo,dl\data\extracted\SAR_1024\NingBo_07_01_02_06_SAR_574.tif,dl\data\extracted\OPT_1024\NingBo_07_01_02_06_Optical_574.tif,dl\data\extracted\LAB_1024\NingBo_07_01_02_06_Label_574.tif,test
575,NingBo_07_01_03_01,NingBo,dl\data\extracted\SAR_1024\NingBo_07_01_03_01_SAR_575.tif,dl\data\extracted\OPT_1024\NingBo_07_01_03_01_Optical_575.tif,dl\data\extracted\LAB_1024\NingBo_07_01_03_01_Label_575.tif,test
576,NingBo_07_01_03_02,NingBo,dl\data\extracted\SAR_1024\NingBo_07_01_03_02_SAR_576.tif,dl\data\extracted\OPT_1024\NingBo_07_01_03_02_Optical_576.tif,dl\data\extracted\LAB_1024\NingBo_07_01_03_02_Label_576.tif,test
577,NingBo_07_01_03_03,NingBo,dl\data\extracted\SAR_1024\NingBo_07_01_03_03_SAR_577.tif,dl\data\extracted\OPT_1024\NingBo_07_01_03_03_Optical_577.tif,dl\data\extracted\LAB_1024\NingBo_07_01_03_03_Label_577.tif,test
578,NingBo_07_01_03_04,NingBo,dl\data\extracted\SAR_1024\NingBo_07_01_03_04_SAR_578.tif,dl\data\extracted\OPT_1024\NingBo_07_01_03_04_Optical_578.tif,dl\data\extracted\LAB_1024\NingBo_07_01_03_04_Label_578.tif,test
579,NingBo_07_01_03_05,NingBo,dl\data\extracted\SAR_1024\NingBo_07_01_03_05_SAR_579.tif,dl\data\extracted\OPT_1024\NingBo_07_01_03_05_Optical_579.tif,dl\data\extracted\LAB_1024\NingBo_07_01_03_05_Label_579.tif,test
580,NingBo_07_01_03_06,NingBo,dl\data\extracted\SAR_1024\NingBo_07_01_03_06_SAR_580.tif,dl\data\extracted\OPT_1024\NingBo_07_01_03_06_Optical_580.tif,dl\data\extracted\LAB_1024\NingBo_07_01_03_06_Label_580.tif,test
581,NingBo_07_01_04_01,NingBo,dl\data\extracted\SAR_1024\NingBo_07_01_04_01_SAR_581.tif,dl\data\extracted\OPT_1024\NingBo_07_01_04_01_Optical_581.tif,dl\data\extracted\LAB_1024\NingBo_07_01_04_01_Label_581.tif,test
582,NingBo_07_01_04_02,NingBo,dl\data\extracted\SAR_1024\NingBo_07_01_04_02_SAR_582.tif,dl\data\extracted\OPT_1024\NingBo_07_01_04_02_Optical_582.tif,dl\data\extracted\LAB_1024\NingBo_07_01_04_02_Label_582.tif,test
583,NingBo_07_01_04_03,NingBo,dl\data\extracted\SAR_1024\NingBo_07_01_04_03_SAR_583.tif,dl\data\extracted\OPT_1024\NingBo_07_01_04_03_Optical_583.tif,dl\data\extracted\LAB_1024\NingBo_07_01_04_03_Label_583.tif,test
584,NingBo_07_01_04_04,NingBo,dl\data\extracted\SAR_1024\NingBo_07_01_04_04_SAR_584.tif,dl\data\extracted\OPT_1024\NingBo_07_01_04_04_Optical_584.tif,dl\data\extracted\LAB_1024\NingBo_07_01_04_04_Label_584.tif,test
585,NingBo_07_01_04_05,NingBo,dl\data\extracted\SAR_1024\NingBo_07_01_04_05_SAR_585.tif,dl\data\extracted\OPT_1024\NingBo_07_01_04_05_Optical_585.tif,dl\data\extracted\LAB_1024\NingBo_07_01_04_05_Label_585.tif,test
586,NingBo_07_01_04_06,NingBo,dl\data\extracted\SAR_1024\NingBo_07_01_04_06_SAR_586.tif,dl\data\extracted\OPT_1024\NingBo_07_01_04_06_Optical_586.tif,dl\data\extracted\LAB_1024\NingBo_07_01_04_06_Label_586.tif,test
587,NingBo_07_01_05_01,NingBo,dl\data\extracted\SAR_1024\NingBo_07_01_05_01_SAR_587.tif,dl\data\extracted\OPT_1024\NingBo_07_01_05_01_Optical_587.tif,dl\data\extracted\LAB_1024\NingBo_07_01_05_01_Label_587.tif,test
588,NingBo_07_01_05_02,NingBo,dl\data\extracted\SAR_1024\NingBo_07_01_05_02_SAR_588.tif,dl\data\extracted\OPT_1024\NingBo_07_01_05_02_Optical_588.tif,dl\data\extracted\LAB_1024\NingBo_07_01_05_02_Label_588.tif,test
589,NingBo_07_01_05_03,NingBo,dl\data\extracted\SAR_1024\NingBo_07_01_05_03_SAR_589.tif,dl\data\extracted\OPT_1024\NingBo_07_01_05_03_Optical_589.tif,dl\data\extracted\LAB_1024\NingBo_07_01_05_03_Label_589.tif,test
590,NingBo_07_01_05_04,NingBo,dl\data\extracted\SAR_1024\NingBo_07_01_05_04_SAR_590.tif,dl\data\extracted\OPT_1024\NingBo_07_01_05_04_Optical_590.tif,dl\data\extracted\LAB_1024\NingBo_07_01_05_04_Label_590.tif,test
591,NingBo_07_01_05_05,NingBo,dl\data\extracted\SAR_1024\NingBo_07_01_05_05_SAR_591.tif,dl\data\extracted\OPT_1024\NingBo_07_01_05_05_Optical_591.tif,dl\data\extracted\LAB_1024\NingBo_07_01_05_05_Label_591.tif,test
592,NingBo_07_01_05_06,NingBo,dl\data\extracted\SAR_1024\NingBo_07_01_05_06_SAR_592.tif,dl\data\extracted\OPT_1024\NingBo_07_01_05_06_Optical_592.tif,dl\data\extracted\LAB_1024\NingBo_07_01_05_06_Label_592.tif,test
593,NingBo_07_01_06_01,NingBo,dl\data\extracted\SAR_1024\NingBo_07_01_06_01_SAR_593.tif,dl\data\extracted\OPT_1024\NingBo_07_01_06_01_Optical_593.tif,dl\data\extracted\LAB_1024\NingBo_07_01_06_01_Label_593.tif,test
594,NingBo_07_01_06_02,NingBo,dl\data\extracted\SAR_1024\NingBo_07_01_06_02_SAR_594.tif,dl\data\extracted\OPT_1024\NingBo_07_01_06_02_Optical_594.tif,dl\data\extracted\LAB_1024\NingBo_07_01_06_02_Label_594.tif,test
595,NingBo_07_01_06_03,NingBo,dl\data\extracted\SAR_1024\NingBo_07_01_06_03_SAR_595.tif,dl\data\extracted\OPT_1024\NingBo_07_01_06_03_Optical_595.tif,dl\data\extracted\LAB_1024\NingBo_07_01_06_03_Label_595.tif,test
596,NingBo_07_01_06_04,NingBo,dl\data\extracted\SAR_1024\NingBo_07_01_06_04_SAR_596.tif,dl\data\extracted\OPT_1024\NingBo_07_01_06_04_Optical_596.tif,dl\data\extracted\LAB_1024\NingBo_07_01_06_04_Label_596.tif,test
597,NingBo_07_01_06_05,NingBo,dl\data\extracted\SAR_1024\NingBo_07_01_06_05_SAR_597.tif,dl\data\extracted\OPT_1024\NingBo_07_01_06_05_Optical_597.tif,dl\data\extracted\LAB_1024\NingBo_07_01_06_05_Label_597.tif,test
598,NingBo_07_01_06_06,NingBo,dl\data\extracted\SAR_1024\NingBo_07_01_06_06_SAR_598.tif,dl\data\extracted\OPT_1024\NingBo_07_01_06_06_Optical_598.tif,dl\data\extracted\LAB_1024\NingBo_07_01_06_06_Label_598.tif,test
599,ZhangJiaKou_08_01_01_01,ZhangJiaKou,dl\data\extracted\SAR_1024\ZhangJiaKou_08_01_01_01_SAR_599.tif,dl\data\extracted\OPT_1024\ZhangJiaKou_08_01_01_01_Optical_599.tif,dl\data\extracted\LAB_1024\ZhangJiaKou_08_01_01_01_Label_599.tif,test
600,ZhangJiaKou_08_01_01_02,ZhangJiaKou,dl\data\extracted\SAR_1024\ZhangJiaKou_08_01_01_02_SAR_600.tif,dl\data\extracted\OPT_1024\ZhangJiaKou_08_01_01_02_Optical_600.tif,dl\data\extracted\LAB_1024\ZhangJiaKou_08_01_01_02_Label_600.tif,test
601,ZhangJiaKou_08_01_02_01,ZhangJiaKou,dl\data\extracted\SAR_1024\ZhangJiaKou_08_01_02_01_SAR_601.tif,dl\data\extracted\OPT_1024\ZhangJiaKou_08_01_02_01_Optical_601.tif,dl\data\extracted\LAB_1024\ZhangJiaKou_08_01_02_01_Label_601.tif,test
602,ZhangJiaKou_08_01_02_02,ZhangJiaKou,dl\data\extracted\SAR_1024\ZhangJiaKou_08_01_02_02_SAR_602.tif,dl\data\extracted\OPT_1024\ZhangJiaKou_08_01_02_02_Optical_602.tif,dl\data\extracted\LAB_1024\ZhangJiaKou_08_01_02_02_Label_602.tif,test
603,ZhangJiaKou_08_01_03_01,ZhangJiaKou,dl\data\extracted\SAR_1024\ZhangJiaKou_08_01_03_01_SAR_603.tif,dl\data\extracted\OPT_1024\ZhangJiaKou_08_01_03_01_Optical_603.tif,dl\data\extracted\LAB_1024\ZhangJiaKou_08_01_03_01_Label_603.tif,test
604,ZhangJiaKou_08_01_03_02,ZhangJiaKou,dl\data\extracted\SAR_1024\ZhangJiaKou_08_01_03_02_SAR_604.tif,dl\data\extracted\OPT_1024\ZhangJiaKou_08_01_03_02_Optical_604.tif,dl\data\extracted\LAB_1024\ZhangJiaKou_08_01_03_02_Label_604.tif,test
605,ZhangJiaKou_08_01_04_01,ZhangJiaKou,dl\data\extracted\SAR_1024\ZhangJiaKou_08_01_04_01_SAR_605.tif,dl\data\extracted\OPT_1024\ZhangJiaKou_08_01_04_01_Optical_605.tif,dl\data\extracted\LAB_1024\ZhangJiaKou_08_01_04_01_Label_605.tif,test
606,ZhangJiaKou_08_01_04_02,ZhangJiaKou,dl\data\extracted\SAR_1024\ZhangJiaKou_08_01_04_02_SAR_606.tif,dl\data\extracted\OPT_1024\ZhangJiaKou_08_01_04_02_Optical_606.tif,dl\data\extracted\LAB_1024\ZhangJiaKou_08_01_04_02_Label_606.tif,test
607,ZhangJiaKou_08_02_01_01,ZhangJiaKou,dl\data\extracted\SAR_1024\ZhangJiaKou_08_02_01_01_SAR_607.tif,dl\data\extracted\OPT_1024\ZhangJiaKou_08_02_01_01_Optical_607.tif,dl\data\extracted\LAB_1024\ZhangJiaKou_08_02_01_01_Label_607.tif,test
608,ZhangJiaKou_08_02_01_02,ZhangJiaKou,dl\data\extracted\SAR_1024\ZhangJiaKou_08_02_01_02_SAR_608.tif,dl\data\extracted\OPT_1024\ZhangJiaKou_08_02_01_02_Optical_608.tif,dl\data\extracted\LAB_1024\ZhangJiaKou_08_02_01_02_Label_608.tif,test
609,ZhangJiaKou_08_02_02_01,ZhangJiaKou,dl\data\extracted\SAR_1024\ZhangJiaKou_08_02_02_01_SAR_609.tif,dl\data\extracted\OPT_1024\ZhangJiaKou_08_02_02_01_Optical_609.tif,dl\data\extracted\LAB_1024\ZhangJiaKou_08_02_02_01_Label_609.tif,test
610,ZhangJiaKou_08_02_02_02,ZhangJiaKou,dl\data\extracted\SAR_1024\ZhangJiaKou_08_02_02_02_SAR_610.tif,dl\data\extracted\OPT_1024\ZhangJiaKou_08_02_02_02_Optical_610.tif,dl\data\extracted\LAB_1024\ZhangJiaKou_08_02_02_02_Label_610.tif,test
